feature,split,gain,rank
ord_apl_sum_prc_amt_90_day,11,159175.1038789749,1
ord_apl_max_prc_amt_180_day,17,93971.98351860046,2
his_90_day_csh_apl_ord_cnt_his_rto,4,58394.388880729675,3
unpaid_principal_future_light_add_heavy,55,57160.61655282974,4
d360_apl_ord_ddf_mdl_ord_crt_dte_min,77,55389.33246469498,5
d180_apl_ord_days_cnt_all,35,47843.72415447235,6
ord_apl_sum_prc_amt_360_day,29,27760.750397205353,7
cnt_event_result_1_uid_recent_days_120,30,24340.968084335327,8
his_180_day_csh_apl_ord_cnt_his_rto,7,23229.973516464233,9
his_360_day_csh_apl_ord_cnt,46,17803.76029396057,10
cnt_other_info_cash_uid_recent_days_30,40,11744.885909080505,11
dau_90d,83,11413.788412094116,12
cnt_avg_ord_span_30d,18,7934.4727210998535,13
ddf_lst_app_str_tim_to_mdl_tim_sec,119,4801.763195037842,14
his_720_day_csh_apl_ord_cnt_his_rto,50,4500.945879459381,15
rsk_avl_lmt_ch_les_10000_cnt_3m,15,2765.2280101776123,16
stg_pln_max_rep_prc_1m_his,13,2719.7629296779633,17
clk_cnt_14d,64,2193.452513217926,18
d30_d60_apl_ord_cnt_rat,5,1908.8499755859375,19
min_rsk_lmt_rate_12m_bt_ch,36,1765.6525340080261,20
rsk_avl_lmt_ch_les_500_cnt_12m,17,1439.8590893745422,21
sum_avb_lmt_2m_v2,56,1384.4489350318909,22
d360_max_faqi_prc_amt_divide_rsk_avl_lmt_cash,51,1294.4593334197998,23
d180_ontimrepay_thismon_sum_larger_than_rsk_avl_lmt_cash_count_sum,40,1244.5492067337036,24
first_day_diff_event_result_0_event_type_loan_all,27,1023.0539665222168,25
avg_avl_lmt_lft_rep_prc_3m_cash_1m,21,974.540641784668,26
d360_apl_ord_cnt_all,12,956.0230093002319,27
6m_used_lmt_first_der_max,19,945.2401080131531,28
ord_apl_fal_cnt_his,35,903.2092790603638,29
d90_aplord_suc_month_cnt,7,875.1635856628418,30
d90_due_repay_amt_avg_divide_d90_faqi_trade_amt_avg,12,805.9388065338135,31
stg_pln_sum_prc_amt_6m_12m_rto_ftr,16,802.2236957550049,32
ord_apl_min_prc_amt_his,23,748.5172662734985,33
ddf_ato_fst_ord_crt_dte,36,717.6015782356262,34
d30_d360_suc_ord_prc_amt_avg_rat_all,17,701.3828020095825,35
6m_used_lmt_first_der_min,16,697.3925924301147,36
d7_d360_suc_ord_prc_amt_avg_rat_all,29,689.8787965774536,37
stg_pln_cnt_3m_ftr_adv_rto_all,21,655.583291053772,38
rsk_avl_lmt_ch_les_1000_cnt_3m,8,650.3802061080933,39
stg_pln_pay_off_sum_prc_amt_1m,5,645.9576148986816,40
max_avl_lmt_lft_rep_prc_1m_cash_3m,18,611.7660703659058,41
d720_faqi_trade_amt_larger_than_unpaid_principal_tot_amt_t_day_count_sum,14,599.4023017883301,42
d180_suc_ord_cnt_all,8,588.6898937225342,43
his_due_repay_amt_avg_divide_his_faqi_trade_amt_avg,13,526.2471232414246,44
d30_d90_suc_ord_prc_amt_avg_rat_all,15,520.4979076385498,45
ddf_mdl_lst_ord_crt_dte,22,510.3898735046387,46
min_avl_lmt_lft_rep_prc_2m_cash_3m,16,508.56721019744873,47
ddf_24m_rep_dte_neg_7_crt_dt_ord_cnt,6,494.51129055023193,48
max_con_dau_7d,13,477.9290943145752,49
pst_ord_apl_suc_max_prc_amt_180_day,3,458.1444482803345,50
max_amt_other_info_manual_repay,17,455.834988117218,51
max_ddf_lag_crt_dte,26,454.83636951446533,52
rsk_lmt_rate_ch_1m_grt_0p2_rate_6m,7,428.3560981750488,53
rsk_avl_lmt_ch_les_5000_rate_1m,5,420.0423927307129,54
n_unique_other_info_event_type_credit,9,410.02509784698486,55
stg_pln_sum_prc_amt_1m_3m_ftr_rto_all,11,409.3393974304199,56
d720_faqi_trade_amt_larger_than_due_repay_amt_by_mon_count_sum,6,400.31599521636963,57
ddf_1m_rep_dte_3_crt_dt_rep_prc_amt,20,396.77151107788086,58
d1080_due_repay_amt_sum_divide_d1080_faqi_trade_amt_sum,20,376.15882873535156,59
credit_reject_unique_fund_cnt_6m,24,374.71032190322876,60
min_rsk_avl_lmt_12m_bt_ch,16,369.1196428537369,61
18m_used_lmt_second_der_min,19,363.8273205757141,62
used_rate_ch_grt_0p95_rate_1m,13,362.3594331741333,63
percent_true_followup_code_other_call_mode_manual_30d,12,361.0589714050293,64
succloan_stage_num_mean_all,19,356.7182593345642,65
d730_aplord_amt_grt_fst_month_rto,21,345.5879211425781,66
d15_suc_ord_prc_amt_avg_all,14,337.6488676071167,67
ddf_3m_rep_dte_5_crt_dt_sum_prc_amt,3,337.3593921661377,68
ddf_mdl_max_con_dau_dt_90d,20,335.63434982299805,69
ddf_fst_adt_fst_ord_crt_dte_mnt,30,333.3893084526062,70
rsk_lmt_rate_ch_1m_grt_0p2_rate_36m,14,332.94886112213135,71
d1080_avg_due_pay_amt_sum_by_mon_divide_rsk_adt_lmt_cash,26,326.1461396217346,72
d1080_max_faqi_prc_amt_divide_rsk_adt_lmt_cash,19,324.46422815322876,73
credit_unique_scene_cnt_12m,21,322.6868019104004,74
3m_repay_ftr_amt_first_der_great_0_count,3,314.7313003540039,75
6m_used_lmt_first_der_median,14,309.14037704467773,76
rsk_avl_lmt_ch_1m_les_10000_cnt_12m,9,307.5549325942993,77
his_max_faqi_prc_amt_divide_max_ontim_amt_sum_mon,13,302.1063771247864,78
stg_pln_pay_off_max_prc_amt_14d,9,301.201397895813,79
m6_stg_pln_pmt_not_eng_cnt_max,10,300.75539779663086,80
d180_unpaid_principal_tot_amt_t_day_divide_rsk_avl_lmt_cash_his_t_day_max,10,297.60975551605225,81
ai_call_cnt_21d,15,297.4179000854492,82
per_event_type_limit_all,18,288.4633893966675,83
m1_stg_pln_d0_manual_rep_apl_suc_cnt_rat,6,284.0764970779419,84
d30_apl_ord_ddf_mdl_ord_crt_dte_min,10,283.5190010070801,85
ord_apl_cnt_07_12,12,280.6897130012512,86
m6_stg_pln_d0_normal_batch_rep_apl_suc_cnt_rat,15,280.52632796764374,87
d1080_sum_repaid_interest_fee_sum_divide_d1080_principal_sum,18,280.3973627090454,88
18m_used_lmt_second_der_sum,14,277.9784927368164,89
percent_true_followup_code_wfjt_is_can_contact_person_yes_30d,8,276.88639640808105,90
d360_apl_ord_ddf_mdl_ord_crt_dte_max,20,272.9438419342041,91
mdt_lst_30d_90d_ord_cnt_typ_btch_rte,3,271.70259857177734,92
d360_suc_ord_ddf_mdl_ord_crt_dte_min,13,268.78280305862427,93
stg_pln_min_prc_amt_3m_ftr,17,267.7236170768738,94
ddf_3m_rep_dte_neg_3_crt_dt_max_prc_amt,4,263.3651990890503,95
his_due_repay_amt_sum_divide_his_faqi_trade_amt_sum,16,261.0854477882385,96
max_ddf_rep_tim_dte_ovd_pls_rep_12m,11,260.578670501709,97
12m_used_lmt_second_der_sum,23,260.4089403152466,98
6thord_con_dsc_apply_amt_max,1,257.81201171875,99
12m_used_lmt_first_der_sum,16,257.4848403930664,100
cnt_avb_lmt_2m_v2,2,254.31700897216797,101
d180_max_faqi_prc_amt_divide_rsk_adt_lmt_cash,8,253.66762828826904,102
m3_rep_apl_stg_pln_cnt_max,10,253.2732982635498,103
avg_avl_lmt_lft_rep_prc_all_cash_36m,9,252.52386093139648,104
d720_due_repay_amt_avg_divide_d720_faqi_trade_amt_avg,9,245.56596112251282,105
ddf_24m_rep_dte_neg_7_crt_dt_avg_prc_amt,12,244.54745960235596,106
min_rsk_avl_lmt_3m_bt_ch,9,244.35539150238037,107
d720_max_faqi_prc_amt_divide_rsk_adt_lmt_cash,11,243.2750883102417,108
stg_pln_sum_prc_amt_1m_ftr_his_rep_rto_all,12,242.70833349227905,109
12m_used_lmt_first_der_mean_diff,20,240.29251182079315,110
max_ddf_suc_lag_crt_dte,19,237.47170066833496,111
abf_1y_inter_1m_count_up,10,233.62614631652832,112
d180_apl_ord_ddf_mdl_ord_crt_dte_max,15,229.946129322052,113
rsk_avl_lmt_ch_1m_les_500_cnt_3m,8,227.37879753112793,114
m1_manual_rep_apl_suc_amt_sum,3,226.57369995117188,115
his_trade_fail_count_mon_divide_his_trade_success_count_mon,17,222.78253078460693,116
3m_used_lmt_second_der_sum,8,221.38669681549072,117
d90_max_due_prc_amt_divide_rsk_adt_lmt_cash,12,221.3162190914154,118
stg_pln_sum_prc_amt_12m_ftr_his_rep_rto_cash,5,220.13014316558838,119
rsk_lmt_rate_ch_1m_grt_0p5_rate_24m,14,215.09677958488464,120
6m_repay_ftr_amt_first_der_mean_rto,13,213.95757818222046,121
min_amt_event_type_credit_event_result_1,22,213.25322771072388,122
rsk_lmt_rate_ch_1m_grt_0p9_rate_24m,10,212.25317859649658,123
sum_talk_duration_180d,12,211.31610012054443,124
d60_d90_apl_ord_cnt_rat_all,7,208.29979991912842,125
rsk_lmt_rate_ch_1m_grt_0p9_cnt_6m,3,201.43309783935547,126
d360_faqi_trade_amt_larger_than_unpaid_principal_tot_amt_t_day_count_sum,4,201.33800315856934,127
stg_pln_sum_rep_prc_his_fst_ord,11,201.01300191879272,128
m1_rep_apl_suc_amt_avg,8,197.45400762557983,129
6stg_pln_repay_amt_first_der_median,16,196.81046223640442,130
rsk_avl_lmt_ch_1m_les_500_cnt_12m,4,196.6431941986084,131
18m_repay_amt_first_der_mean_diff,13,194.9755516052246,132
max_ddf_rep_tim_dte_adv,16,194.50292205810547,133
d30_d60_his_rep_amt_sum_rat_btch,10,193.88693046569824,134
max_rsk_avl_lmt_bjq_12m_all,12,193.14801836013794,135
6ord_apply_amt_first_der_mean_rto,13,192.00871181488037,136
credit_fund_level2_reject_cnt_36m,16,190.70512914657593,137
m3_manual_rep_apl_suc_amt_avg,9,189.10038375854492,138
his_max_faqi_prc_amt_divide_max_due_pay_amt_sum_mon,11,188.76483917236328,139
his_trade_fail_amt_sum_mon_divide_his_trade_success_amt_sum_mon,15,186.75240898132324,140
d90_apl_ord_prc_amt_avg,10,186.37954807281494,141
cnt_avg_ord_span_30d_90d,14,185.43447971343994,142
sum_talk_duration_30d,10,185.29260063171387,143
3m_used_lmt_first_der_max,12,185.21891117095947,144
avg_lmt_use_rat_2m_v2,14,183.90826225280762,145
stg_pln_pay_off_sum_prc_amt_14d_1m_rto,9,181.84239864349365,146
ddf_mdl_max_con_dau_dt_30d,11,179.6620512008667,147
18m_repay_ftr_amt_first_der_mean_diff,9,178.9088978767395,148
median_amt_channel_hb_microcredit_lv1_all,14,172.98892068862915,149
3m_used_lmt_first_der_sum,12,172.41022872924805,150
12m_used_lmt_first_der_avg,11,171.21829104423523,151
dvc_cnt_cjj_7,5,170.47510147094727,152
first_amt_event_type_credit_all,14,169.9173903465271,153
12stg_pln_repay_amt_first_der_mean_rto,16,167.70072865486145,154
6m_used_lmt_first_der_sum,13,167.6767303943634,155
3m_used_lmt_first_der_mean_diff,14,165.8819899559021,156
stg_pln_cnt_6m_12m_ftr_rto_all,10,164.16567993164062,157
min_ddf_mdl_rep_dte_ovd_3d_pls_bjq,13,163.3031301498413,158
d90_repaid_interest_fee_sum,11,162.33142948150635,159
div_amt_event_type_repay_loan,12,161.90239024162292,160
credit_unique_scene_cnt_36m,10,160.42726850509644,161
d180_adv_repay_fee_sum,10,159.9683485031128,162
stg_pln_cnt_1m_3m_ftr_rto_all,6,159.5223207473755,163
18m_used_lmt_first_der_sum,15,159.20616805553436,164
ord_apl_suc_sum_prc_amt_360_day_13_18_bjq_12m,9,159.12192058563232,165
ddf_24m_rep_dte_neg_1_crt_dt_rep_prc_amt_rto,11,158.4247007369995,166
6m_used_lmt_second_der_sum,9,158.18190097808838,167
12m_repay_amt_first_der_mean_diff,11,156.36047983169556,168
ddf_12m_rep_dte_7_crt_dt_rep_prc_amt_rto,8,156.31860065460205,169
d1080_unpaid_principal_tot_amt_t_day_divide_rsk_adt_lmt_cash_his_t_day_max,16,155.47082090377808,170
cnt_event_type_limit_type_heavy_all,13,154.8682804107666,171
m1_manual_rep_apl_suc_amt_avg,6,154.7202024459839,172
m6_normal_batch_rep_apl_suc_amt_avg,10,151.03163814544678,173
3m_used_lmt_second_der_mean_diff,12,150.78546142578125,174
cnt_event_type_loan_type_heavy_all,10,150.17690992355347,175
stddev_day_diff_shift1_event_type_repay_all,14,149.46340990066528,176
stg_pln_sum_prc_amt_1m_2m_rto,12,149.3056390285492,177
stg_pln_sum_prc_amt_6m_ftr_his_rto_all,7,149.20923137664795,178
m6_manual_rep_apl_suc_amt_avg,8,148.68982791900635,179
d60_apl_ord_prc_amt_per_stg_avg_all,7,147.17587089538574,180
m6_stg_pln_his_ovd_manual_deduct_rep_apl_fal_cnt_rat,7,146.68875122070312,181
stg_pln_pay_off_cnt_bjq_12m,6,146.41778910160065,182
stg_pln_pay_off_cnt_d0_rep_24m_rto,6,145.91926097869873,183
avg_avl_lmt_lft_rep_prc_all_cash_12m,7,143.119158744812,184
6stg_pln_repay_amt_second_der_median,14,140.54929971694946,185
rsk_lmt_rate_ch_1m_grt_0p5_rate_6m,7,139.42440128326416,186
rsk_lmt_rate_ch_1m_grt_0p95_rate_36m,13,138.96193850040436,187
stg_pln_sum_prc_amt_1m_2m_rto_ftr,9,138.85846042633057,188
ord_apl_cnt_360_day_00_03_bjq_12m,14,138.55155086517334,189
percent_true_call_mode_is_manual_called_phone_social_relations_is_family_30d,3,138.29440116882324,190
rsk_avl_lmt_ch_1m_les_500_cnt_bjq_12m,6,137.34870147705078,191
d360_schedule_pay_penalty_max,4,137.12900066375732,192
stg_pln_min_prc_amt_12m_ftr_his_rto_cash,11,136.75066995620728,193
12m_repay_amt_first_der_sum,13,136.54922008514404,194
3m_repay_ftr_amt_first_der_min,7,136.33030080795288,195
stg_pln_cnt_adv_rep_bjq_12m_rto,12,136.0287890434265,196
rsk_lmt_rate_ch_1m_grt_0p2_cnt_24m,8,135.80722904205322,197
stg_pln_sum_rep_prc_his_d0_mrn_pk_rto_v2,14,135.64985179901123,198
d1080_repaid_interest_fee_stddev,12,135.61133933067322,199
m6_manual_rep_apl_suc_cnt_in_manual_rep_rat,10,135.00029039382935,200
d1080_due_repay_amt_avg_divide_d1080_faqi_trade_amt_avg,10,134.85723972320557,201
m3_manual_rep_apl_suc_amt_max,9,134.19660758972168,202
d90_d180_apl_ord_cnt_rat,5,133.49978685379028,203
his_max_faqi_prc_amt_divide_unpaid_principal_tot,6,133.4596004486084,204
6m_used_lmt_second_der_min,11,133.40786933898926,205
percent_true_followup_code_wfjt_is_can_contact_person_yes_90d,5,132.5359992980957,206
ord_apl_suc_max_stg_num_his,6,132.47500228881836,207
3m_used_lmt_first_der_great_0_count,1,132.34500122070312,208
d90_repaid_interest_fee_stddev,10,132.14691829681396,209
d360_apl_ord_prc_amt_min,6,131.6156988143921,210
bf_3m_inter_1m_sum_up,9,131.40239906311035,211
3ord_apply_amt_first_der_mean_diff,10,130.44940853118896,212
ddf_24m_rep_dte_7_crt_dt_rep_prc_amt_rto,12,130.28339004516602,213
d15_d360_apl_ord_prc_amt_avg_rat,5,129.18217134475708,214
fst_fal_ord_prc_amt,13,128.27219152450562,215
stg_pln_avg_prc_amt_6m_12m_ftr_rto_all,10,128.1792287826538,216
3m_repay_ftr_amt_first_der_mean_diff,9,128.0547580718994,217
d180_max_due_prc_amt_divide_d180_max_faqi_prc_amt,6,127.74706077575684,218
stg_pln_max_prc_amt_12m_ftr_his_rep_rto_cash,10,127.53333187103271,219
ord_apl_suc_max_prc_amt_his,9,126.84451007843018,220
3stg_pln_repay_amt_first_der_stddev,11,126.64875936508179,221
rsk_avl_lmt_ch_1m_les_10000_cnt_bjq_12m,13,126.62258172035217,222
m1_stg_pln_rep_apl_fal_cnt_mor_1_rep_apl_amt_sum,12,126.10960960388184,223
lst_rep_prc,11,125.63076066970825,224
stg_pln_min_prc_amt_3m_6m_ftr_cash,6,123.8917989730835,225
ddf_36m_rep_dte_5_crt_dt_rep_prc_amt_rto,9,123.17601871490479,226
ddf_fst_lst_ord_crt_dte,8,122.9546719789505,227
3m_repay_ftr_amt_first_der_mean_rto,11,122.72411108016968,228
12m_used_lmt_second_der_max,10,122.37652206420898,229
stg_pln_pay_off_sum_prc_amt_7d_1m_rto,10,121.5895004272461,230
min_ddf_lag_crt_tim_mnt,9,120.9673810005188,231
36stg_pln_repay_amt_second_der_mean_diff,11,120.85007953643799,232
d720_max_adv_repay_amt_divide_d720_max_faqi_prc_amt,9,120.06710052490234,233
d720_trade_fail_count_mon_divide_his_trade_success_count_mon,7,119.82090091705322,234
m1_manual_rep_apl_stg_pln_cnt_avg,7,119.80941820144653,235
d60_apl_ord_prc_amt_min,7,119.35519790649414,236
d360_ovdrepay_amt_sum_divide_ontimrepay_amt_sum,10,119.10996103286743,237
rsk_avl_lmt_ch_1m_les_1000_rate_6m,6,119.06020164489746,238
min_ddf_mdl_rep_dte_ovd_pls_bjq,10,118.60312986373901,239
min_ddf_rep_tim_dte_adv,8,118.30870056152344,240
m6_stg_pln_manual_rep_apl_cnt_avg,11,118.3067798614502,241
stg_pln_sum_prc_amt_3m_6m_rto_ftr,8,117.69970035552979,242
used_rate_ch_grt_0p5_cnt_3m_suc,5,117.41970252990723,243
max_rsk_avl_lmt_24m_bt_ch,9,117.22711849212646,244
24stg_pln_repay_amt_second_der_mean_rto,10,116.09681034088135,245
min_ddf_mdl_rep_dte_his_bjq,5,115.84255468845367,246
m6_stg_pln_rep_apl_fal_cnt_equal_1_cnt_rat,9,115.06345891952515,247
6m_used_lmt_first_der_mean_diff,8,114.63080024719238,248
max_avl_lmt_lft_rep_prc_1m_cash_36m,9,113.88859128952026,249
d90_advrepay_amt_sum_divide_ontimrepay_amt_sum,9,113.80306959152222,250
ord_apl_fal_cnt_360_day,5,113.60790252685547,251
stg_pln_avg_prc_amt_2m_ftr_his_rto_all,10,113.53685188293457,252
ddf_12m_rep_dte_neg_1_crt_dt_rep_prc_amt_rto,6,113.30089950561523,253
3ord_apply_amt_second_der_great_0_sum,9,113.29934072494507,254
d180_max_ovd_repay_amt_divide_d180_max_fail_prc_amt,10,111.57424116134644,255
last_amt_channel_hb_microcredit_lv1_all,13,111.30578947067261,256
12m_repay_amt_first_der_mean_rto,9,111.30505990982056,257
ddf_mdl_max_con_not_ovd_tqhk_rep_tim_12m,9,111.21700096130371,258
12m_repay_amt_second_der_sum,9,111.12166166305542,259
ord_apl_cnt_13_18,10,110.95659172534943,260
min_amt_event_type_repay_recent_180,6,110.71500015258789,261
3m_used_lmt_first_der_small_0_sum,9,110.67736005783081,262
18m_used_lmt_first_der_mean_rto,7,109.94159984588623,263
rsk_lmt_rate_ch_1m_grt_0p8_cnt_1m,2,109.12519836425781,264
stg_pln_avg_prc_amt_bjq_12m_his,8,107.95809936523438,265
rsk_avl_lmt_ch_1m_les_500_rate_3m,5,107.69154167175293,266
3stg_pln_repay_amt_second_der_mean_rto,10,107.27520990371704,267
stg_pln_sum_rep_prc_12m_his_d0_mrn_pk_rto,9,107.26063060760498,268
his_light_limit_divide_btch_avl_limit,9,107.24141025543213,269
d90_avg_due_pay_amt_sum_by_mon_divide_rsk_adt_lmt_cash,6,106.86290836334229,270
max_amt_type_light,10,106.85371160507202,271
m6_stg_pln_normal_batch_rep_apl_cnt_min,9,106.84649968147278,272
avg_avl_lmt_lft_rep_prc_all_cash_24m,6,104.89073753356934,273
12m_repay_amt_first_der_median,7,104.6071093082428,274
used_rate_ch_grt_0p8_cnt_1m_suc,1,103.60299682617188,275
m6_manual_tim_13_18_rep_apl_suc_cnt_rat,8,101.90331935882568,276
ord_apl_suc_sum_prc_amt_90_day,3,101.69600105285645,277
succloan_day_diff_reud_stage_num_sum_all,10,101.63134050369263,278
18m_used_lmt_second_der_small_0_count,3,101.55400085449219,279
lag_his_rep_amt_sum_per_mth_btch_rat_max,4,101.30542027950287,280
max_amt_event_type_repay_recent_60,6,101.16900062561035,281
rsk_lmt_rate_ch_1m_grt_0p5_rate_bjq_12m,8,100.25375127792358,282
d720_trade_fail_amt_sum_mon_divide_his_trade_success_amt_sum_mon,5,100.14860081672668,283
stg_pln_sum_rep_prc_his_d0_mrn_zd_v2,9,100.04126930236816,284
avg_ddf_rep_dte_ord_crt_tim_neg_7,9,99.5094804763794,285
af_1y_inter_3m_sum_up,4,99.08139896392822,286
6stg_pln_repay_amt_first_der_min,6,98.9552001953125,287
m6_manual_tim_6_12_rep_apl_cnt_rat,9,98.46377944946289,288
m6_payment_not_eng_mdl_crt_ddf_max,7,97.97821044921875,289
3m_used_lmt_first_der_mean_rto,7,97.96211051940918,290
ddf_36m_rep_dte_neg_5_crt_dt_rep_prc_amt_rto,7,97.7102279663086,291
3stg_pln_repay_amt_first_der_mean_diff,9,97.35310935974121,292
6stg_pln_repay_amt_first_der_mean_diff,9,96.25813055038452,293
light_d720_sum_faqi_stg_num_divide_heavy_d720_sum_faqi_stg_num,9,95.91061210632324,294
ddf_36m_rep_dte_0_crt_dt_rep_prc_amt_rto,8,95.62078952789307,295
min_rsk_lmt_rate_bt_ch_3m,8,95.32800102233887,296
rsi_abf_1y_inter_3m,8,95.32269048690796,297
18m_repay_ftr_amt_second_der_mean_diff,6,95.11079025268555,298
d720_repaid_tot_fee_stddev,11,95.02474021911621,299
30stg_pln_repay_amt_second_der_mean_rto,9,95.0180311203003,300
stg_pln_sum_rep_prc_12m_his_d0_non_zd_rto_v2,9,94.70879983901978,301
stg_pln_min_prc_amt_6m_ftr,9,94.69222378730774,302
3m_repay_amt_second_der_mean_rto,7,94.68479061126709,303
18ord_apply_amt_first_der_min,7,94.58810043334961,304
3m_repay_amt_first_der_sum,5,94.58360004425049,305
ord_apl_fal_cnt_90_day,4,93.16729831695557,306
3ord_apply_amt_second_der_mean_diff,7,92.23699855804443,307
3stg_pln_repay_amt_second_der_mean_diff,11,92.13281106948853,308
3m_repay_amt_second_der_min,7,91.73368072509766,309
min_amt_channel_hb,8,91.11001062393188,310
d90_max_due_prc_amt_divide_d90_max_faqi_prc_amt,7,90.99827289581299,311
stg_pln_sum_prc_amt_adv_rct_36m_rto,4,90.69826030731201,312
3m_used_lmt_second_der_median,8,90.3455696105957,313
3m_repay_ftr_amt_first_der_stddev,7,90.34044885635376,314
6stg_pln_repay_amt_first_der_max,6,89.99339866638184,315
m3_payment_not_eng_mdl_crt_ddf_avg,8,89.72197103500366,316
3stg_pln_repay_amt_first_der_median,9,89.29710960388184,317
fst_ord_prc_fst_adt_lmt_rto,10,88.56428909301758,318
his_max_due_prc_amt_divide_his_max_faqi_prc_amt,10,88.35506021976471,319
lag_his_rep_amt_sum_per_mth_all_rat_max,7,88.04022979736328,320
ord_apl_sum_prc_amt_180_day_07_12,7,88.0028305053711,321
d720_max_due_prc_amt_divide_d720_max_faqi_prc_amt,9,87.93209028244019,322
m1_rep_apl_suc_stg_pln_cnt_max,4,87.92359924316406,323
d360_repaid_exclude_principal_fee_max,5,87.66060066223145,324
d360_repaid_interest_fee_max,7,87.59103012084961,325
his_max_ovd_repay_amt_divide_his_max_suc_prc_amt,7,87.39229917526245,326
min_ddf_suc_lag_crt_tim_mnt,9,87.341468334198,327
3m_repay_amt_second_der_mean_diff,8,87.26260900497437,328
ddf_24m_rep_dte_neg_7_crt_dt_rep_prc_amt_rto,7,86.75569915771484,329
d90_repaid_exclude_principal_fee_stddev,8,86.72630786895752,330
rsk_lmt_rate_ch_1m_grt_0p95_rate_3m,3,85.79709815979004,331
min_ddf_rep_tim_dte_adv_fst_ord,7,85.67557990550995,332
m1_stg_pln_rep_apl_cnt_equal_1_manual_rep_apl_amt_sum,6,85.22292995452881,333
his_advrepay_suc_trade_in_same_month_count_sum,10,84.98864936828613,334
3m_repay_amt_first_der_median,5,84.89933061599731,335
stg_pln_min_prc_amt_12m_ftr_cash,4,84.83694076538086,336
stg_pln_avg_prc_amt_adv_3d,7,84.52081871032715,337
ord_apl_sum_prc_amt_1080_day_00_03,8,83.85693979263306,338
stg_pln_min_prc_amt_1m_ftr_his_rto_cash,8,83.56875991821289,339
ord_apl_min_prc_amt_360_day,3,83.3552188873291,340
stg_pln_sum_prc_amt_7d_ftr_cash,5,82.58930015563965,341
avg_ddf_rep_dte_ord_crt_tim_neg_3,7,82.42662048339844,342
12stg_pln_repay_amt_second_der_mean_rto,8,82.31153178215027,343
min_rsk_avl_lmt_36m_bt_ch,7,82.19877052307129,344
18ord_apply_amt_first_der_median,8,82.17883896827698,345
6m_used_lmt_second_der_median,6,82.1436996459961,346
6m_used_lmt_first_der_mean_rto,7,81.82003879547119,347
3m_used_lmt_first_der_median,6,80.78850078582764,348
his_3d_app_str_ctn_v2,4,80.61849880218506,349
d7_d15_apl_ord_prc_amt_avg_rat,6,80.52359867095947,350
stg_pln_sum_prc_amt_ovd_3d_pls_rep_3m_rto_his,3,80.45539855957031,351
6stg_pln_repay_amt_first_der_mean_rto,9,80.44617033004761,352
d60_d360_apl_ord_prc_amt_avg_rat,5,80.31253147125244,353
stg_pln_sum_prc_amt_adv_rct_24m,8,80.2622606754303,354
18m_repay_amt_first_der_mean_rto,6,80.20842933654785,355
heavy_unpaid_principal_future_divide_his_light_limit_max,6,79.48589992523193,356
stg_pln_pay_off_sum_prc_amt_14d,5,79.42789840698242,357
rsk_avl_lmt_ch_les_1000_rate_12m,5,79.40462970733643,358
m3_manual_rep_apl_cnt_rat,2,79.22049903869629,359
m3_stg_pln_rep_apl_fal_cnt_mor_3_rep_apl_amt_max,7,78.53153038024902,360
his_ovdrepay_amt_sum_divide_advrepay_amt_sum,7,78.50613021850586,361
18m_repay_amt_second_der_sum,8,78.3210802078247,362
24stg_pln_repay_amt_first_der_mean_diff,7,78.10008907318115,363
his_360_day_bt_apl_ord_cnt_his_rto_bjq_12m,8,77.95809984207153,364
avg_day_diff_shift1_event_type_repay_all,8,77.95116996765137,365
d1080_ovdrepay_amt_sum_divide_ontimrepay_amt_sum,6,77.84897041320801,366
median_amt_event_result_1_all,7,77.41431045532227,367
12ord_apply_amt_first_der_stddev,6,77.26061964035034,368
stg_pln_avg_prc_amt_1m_due_light,8,76.78634071350098,369
abf_1y_inter_1m_sum_up,7,76.77703189849854,370
ddf_3m_rep_dte_neg_7_crt_dt_rep_prc_amt_rto,3,76.60169982910156,371
d15_d60_suc_ord_prc_amt_avg_rat,5,76.29818058013916,372
12stg_pln_repay_amt_second_der_median,8,76.22591924667358,373
tot_pending_repay_tot_fee_stddev,5,75.07189846038818,374
d720_due_repay_amt_sum_divide_d720_faqi_trade_amt_sum,5,74.83559894561768,375
stg_pln_sum_rep_prc_his_ovd_0d_pls_3d_zd_rto_v2,6,74.48762059211731,376
clk_cnt_00_06_rep_90d,7,74.22304058074951,377
d360_ovdrepay_thismon_sum_larger_than_rsk_avl_lmt_cash_count_sum,3,73.83979988098145,378
d180_due_repay_amt_avg_divide_d180_faqi_trade_amt_avg,6,73.82385110855103,379
18m_repay_amt_second_der_mean_rto,6,73.60310173034668,380
m3_stg_pln_pmt_not_eng_cnt_avg,3,73.55080127716064,381
18stg_pln_repay_amt_first_der_mean_rto,7,73.54401969909668,382
credit_loan_avg_days_36m,6,73.43669033050537,383
d90_apl_ord_stg_num_min_all,3,73.32660007476807,384
m6_manual_deduct_rep_apl_suc_amt_max,5,73.17881965637207,385
stg_pln_sum_rep_prc_his_ovd_0d_pls_3d_zd_v2,7,72.89141964912415,386
ord_apl_suc_sum_prc_amt_180_day_07_12,6,72.75186920166016,387
af_3m_inter_1m_sum_up,5,72.4697208404541,388
his_success_thismon_sum_larger_than_rsk_avl_lmt_cash_count_sum,4,72.37067985534668,389
d360_advrepay_amt_sum_divide_ontimrepay_amt_sum,5,72.34630012512207,390
stg_pln_sum_prc_amt_d0_rep_24m,5,71.82715940475464,391
ddf_bjq_12m_rep_dte_7_crt_dt_rep_prc_amt,3,71.63860034942627,392
6stg_pln_repay_amt_second_der_sum,6,71.34508943557739,393
d60_apl_ord_prc_amt_per_stg_max_all,4,70.88201808929443,394
min_rsk_lmt_rate_bjq_12m_all,7,70.76657009124756,395
stg_pln_max_prc_amt_ovd_1d_3d_rep_12m,5,70.06159973144531,396
his_ovd_1d3d_repay_amt_sum_divide_adv_3dminus_repay_amt_sum,5,70.04500007629395,397
m6_stg_pln_rep_apl_cnt_d0_avg,5,69.93164920806885,398
stg_pln_sum_rep_prc_his_d0_afn_pk,6,69.85066986083984,399
m3_pmt_not_eng_stg_pln_d0_amt_sum,5,69.67500019073486,400
ddf_6m_rep_dte_neg_7_crt_dt_max_prc_amt,1,69.61250305175781,401
his_lend_light_to_repay_heavy_inner3d_order_stg_rate,6,69.4802598953247,402
sum_day_diff_type_heavy_all,3,69.42490005493164,403
ord_apl_sum_prc_amt_07_12,6,69.39717149734497,404
light_his_sum_faqi_prc_amt_divide_heavy_his_sum_ontim_repay_amt,7,69.24930047988892,405
18stg_pln_repay_amt_second_der_mean_rto,6,69.00209093093872,406
d360_ovdrepay_large_than_ontimrepay_amt_months_count_sum,7,68.84152030944824,407
stg_pln_sum_prc_amt_3m_6m_rto,6,68.67786026000977,408
pmt_crd_amt_pmonth_his,6,67.90520000457764,409
pst_ord_apl_suc_max_prc_amt_his,4,67.49079895019531,410
light_his_sum_faqi_prc_amt_divide_heavy_his_sum_faqi_prc_amt,6,67.4700403213501,411
light_his_max_faqi_prc_amt_divide_heavy_his_max_faqi_prc_amt,7,67.43784999847412,412
18m_repay_amt_second_der_median,6,67.2895097732544,413
m3_stg_pln_normal_batch_rep_apl_cnt_avg,4,67.05007123947144,414
min_ddf_mdl_rep_tim_adv_bjq_12m,6,67.02229976654053,415
6m_repay_ftr_amt_second_der_mean_rto,6,66.87819004058838,416
pmt_crd_amt_3m,5,66.67328023910522,417
d90_repaid_tot_fee_stddev,2,66.52830219268799,418
3m_repay_ftr_amt_second_der_mean_rto,6,66.34789991378784,419
ord_apl_suc_weighted_stg_num_180_day,4,66.25146961212158,420
stg_pln_sum_rep_prc_6m_12m_rto_his,4,66.2455575466156,421
used_rate_ch_grt_0p95_cnt_6m,6,66.13898038864136,422
cnt_other_info_manual_repay_uid_recent_days_90,3,65.9925389289856,423
rsi_af_1y_inter_3m,5,65.66041946411133,424
credit_loan_avg_days_12m,5,65.13670063018799,425
rsi_bf_1y_inter_1m,4,65.11624908447266,426
stg_pln_pay_off_cnt_d0_rep_bjq_12m_rto,6,64.86922025680542,427
avg_ddf_rep_dte_ord_crt_tim_7,5,64.69436025619507,428
ddf_bjq_12m_rep_dte_7_crt_dt_rep_prc_amt_rto,6,64.42565965652466,429
12m_repay_amt_second_der_median,6,64.30200958251953,430
stg_pln_sum_rep_prc_his_d0_mrn_zd_rto_v2,6,64.17559957504272,431
18m_repay_amt_first_der_avg,4,64.05778884887695,432
day_diff_last_repay_loan,8,63.791329860687256,433
stg_pln_min_rep_prc_his,6,63.51443958282471,434
12ord_apply_amt_second_der_stddev,7,63.49146032333374,435
credit_min_limit_cnt_all,5,63.311500549316406,436
6m_repay_amt_second_der_mean_rto,7,63.27917969226837,437
m1_rep_apl_stg_pln_cnt_mor_1_cnt,4,62.97389030456543,438
m1_stg_pln_pmt_not_eng_cnt_max,2,62.925798416137695,439
d720_max_due_prc_amt_divide_rsk_adt_lmt_cash,5,62.83395004272461,440
m6_stg_pln_d0_ao_offline_rep_apl_cnt_mor_0_cnt_rat,7,62.57003116607666,441
stg_pln_sum_rep_prc_12m_his_d0_afn_zd_rto,5,62.18192958831787,442
d1095_aplord_fal_month_cnt,6,61.782719135284424,443
3ord_apply_amt_second_der_mean_rto,5,61.7576003074646,444
recent_1m_credit_fundcls_other_month_cnt,4,61.69619941711426,445
credit_ratio_12m,5,61.55353116989136,446
af_6m_inter_1m_sum_up,5,61.337260007858276,447
rsi_bf_3m_inter_1m,4,61.164299964904785,448
d365_avl_lmt_con_drp_month_max,3,60.72139930725098,449
ord_apl_sum_prc_amt_720_day_19_23,6,60.21920919418335,450
stg_pln_sum_rep_prc_his_d0_evn_zd_rto_v2,5,60.05901908874512,451
ord_apl_sum_prc_amt_90_day_19_23,5,59.82962989807129,452
m6_manual_tim_0_5_rep_apl_suc_cnt_rat,6,59.517090797424316,453
pmt_hnd_cnt_rat_3m,4,59.355201721191406,454
stg_pln_cnt_ovd_1d_3d,5,58.995500564575195,455
rsk_avl_lmt_ch_les_500_rate_3m,4,58.91160869598389,456
ddf_6m_rep_dte_neg_3_crt_dt_rep_prc_amt_rto,6,58.883620262145996,457
stg_pln_avg_prc_amt_1m_on_light,5,58.852399826049805,458
stg_pln_avg_prc_amt_3m_6m_ftr_rto_all,5,58.76832962036133,459
stg_pln_pay_off_max_prc_amt_pday_12m,6,58.68856942653656,460
ord_apl_sum_prc_amt_180_day_13_18,6,58.572659492492676,461
36stg_pln_repay_amt_first_der_sum,6,58.51094961166382,462
stddev_amt_event_type_repay_event_result_1_recent_180,5,58.42046070098877,463
credit_loan_avg_days_24m,5,58.35799980163574,464
d360_max_due_prc_amt_divide_d360_max_faqi_prc_amt,6,58.332951068878174,465
stg_pln_min_rep_prc_12m_his,3,58.2992000579834,466
d365_aplord_fal_month_cnt,3,58.222900390625,467
light_his_sum_larger_than_1w_faqi_count_divide_heavy_his_sum_larger_than_1w_faqi_count,4,58.12070083618164,468
3m_repay_ftr_amt_second_der_mean_diff,5,57.571099281311035,469
18m_repay_ftr_amt_first_der_mean_rto,7,57.305179595947266,470
12m_used_lmt_first_der_mean_rto,5,57.28160095214844,471
m1_manual_deduct_rep_apl_stg_pln_cnt_avg,3,57.08440017700195,472
day_diff_shift1_n_unique_all,5,57.05090093612671,473
m6_pmt_not_eng_amt_pday_min,4,56.85932922363281,474
d365_aplord_fal_month_rto,4,56.71009922027588,475
his_max_faqi_prc_amt_divide_max_ovd_amt_sum_mon,4,56.668500900268555,476
ddf_1m_rep_dte_3_crt_dt_sum_prc_amt,3,56.65119934082031,477
12m_used_lmt_second_der_mean_diff,5,56.621201515197754,478
6m_repay_amt_first_der_mean_rto,5,56.48388957977295,479
m1_stg_pln_rep_apl_cnt_mor_4_stg_amt_sum,4,56.3567008972168,480
m3_manual_deduct_rep_apl_suc_cnt_rat,2,56.06649875640869,481
18m_repay_amt_second_der_avg,6,55.412489891052246,482
18m_repay_amt_first_der_median,6,55.35340094566345,483
percent_true_followup_code_other_called_phone_social_relations_family_180d,5,55.301559925079346,484
d90_bsy_typ_api_suc_ord_cnt_all,3,55.17009735107422,485
stg_pln_pay_off_sum_prc_amt_7d,4,55.155500411987305,486
12m_repay_amt_second_der_mean_rto,5,55.082030296325684,487
stg_pln_sum_rep_prc_his_ovd_0d_pls_3d_mrn_pk_v2,5,55.023940086364746,488
d180_due_repay_amt_sum_divide_d180_faqi_trade_amt_sum,4,54.85402011871338,489
lat_tud,6,54.54867911338806,490
credit_fund_level2_ratio_36m,5,54.37232971191406,491
n_unique_event_type_day_diff_shift1_event_type_loan,4,54.2511510848999,492
d60_suc_ord_prc_amt_max_all,4,54.13490009307861,493
ord_apl_suc_cnt_360_day_07_12,3,53.85850143432617,494
12stg_pln_repay_amt_first_der_median,5,53.85636901855469,495
3m_used_lmt_second_der_stddev,3,53.46808052062988,496
ord_apl_sum_prc_amt_360_day_bjq_12m,5,53.220970153808594,497
12m_used_lmt_second_der_mean_rto,4,53.09967041015625,498
18ord_apply_amt_second_der_min,5,52.853249073028564,499
d60_apl_ord_stg_num_max,1,52.73030090332031,500
3m_repay_amt_second_der_median,5,52.548959732055664,501
stg_pln_avg_prc_amt_bjq_12m_his_per_mth,5,52.50958049297333,502
stg_pln_max_prc_amt_d0_rep_his,5,52.429640769958496,503
d30_apl_ord_prc_amt_avg_all,4,52.39775085449219,504
m1_manual_deduct_rep_apl_cnt_rat,2,52.392799377441406,505
light_his_sum_faqi_prc_amt_divide_heavy_his_sum_ovd_repay_amt,4,52.312899589538574,506
pmt_not_eng_stg_pln_cnt_3m_6m_rat,4,52.12530040740967,507
percent_true_followup_code_wfjt_call_mode_manual_60d,3,51.60389995574951,508
12ord_apply_amt_second_der_sum,4,51.603291034698486,509
m1_payment_not_eng_inteday_avg,4,51.543230056762695,510
ord_apl_sum_prc_amt_13_18,4,51.3108286857605,511
m6_stg_pln_ovd_1d_3d_normal_batch_rep_apl_suc_cnt_rat,4,51.23985004425049,512
d360_max_ovd_repay_amt_divide_d360_max_suc_prc_amt,5,51.097599506378174,513
af_1y_inter_1m_sum_up,5,50.84104013442993,514
stg_pln_min_prc_amt_his,6,50.50866103172302,515
d360_faqi_trade_amt_larger_than_ovd_repay_amt_by_mon_count_sum,4,50.22770023345947,516
recent_24m_lend_month_no_avg,3,50.09394073486328,517
stg_pln_min_prc_amt_6m_ftr_his_rep_rto_cash,3,49.94964027404785,518
stg_pln_cnt_ovd_3d_pls_rto,3,49.91299915313721,519
max_avl_lmt_lft_rep_prc_all_cash_12m,5,49.80318021774292,520
m6_stg_pln_d0_rep_apl_fal_cnt_equal_2_cnt_rat,4,49.7227897644043,521
max_avl_lmt_lft_rep_prc_3m_cash_bjq_12m,4,49.54573965072632,522
d360_due_repay_amt_sum_divide_d360_faqi_trade_amt_sum,5,49.36120891571045,523
rsi_af_6m_inter_1m,4,49.03389930725098,524
stg_pln_sum_rep_prc_6m_his_d0_non_zd_rto,5,48.960840702056885,525
his_lend_light_to_repay_heavy_inner3d_order_amt_sum,4,48.94585037231445,526
stg_pln_avg_prc_amt_12m_ftr_his_rto_all,4,48.807199478149414,527
stg_pln_pay_off_max_prc_amt_pday,4,48.784180641174316,528
stg_pln_sum_rep_prc_12m_his_d0_mrn_zd_rto,4,48.38027000427246,529
6m_repay_amt_first_der_sum,4,48.35581970214844,530
m6_central_lbs_collect_cnt,6,48.17551946640015,531
stg_pln_sum_prc_amt_ovd_pls_rep_bjq_12m_rto,8,48.16884970664978,532
d30_d180_suc_ord_prc_amt_avg_rat,4,47.98617935180664,533
d360_adv_repay_fee_sum_divide_d360_principal_sum,3,47.94470024108887,534
18ord_apply_amt_second_der_median,5,47.88256025314331,535
light_his_sum_fail_prc_amt_divide_heavy_his_sum_fail_prc_amt,4,47.643500328063965,536
percent_true_followup_code_yjt_called_phone_social_relations_friend_180d,5,47.498618602752686,537
3m_repay_amt_second_der_sum,4,47.426669120788574,538
m1_pmt_not_eng_cnt_pday_min,5,46.362998962402344,539
rsk_avl_lmt_ch_1m_les_10000_rate_24m,4,46.34469985961914,540
ord_apl_cnt_720_day_04_06,3,46.09159851074219,541
3stg_pln_repay_amt_first_der_mean_rto,7,46.01693940162659,542
m3_rep_apl_amt_rat_mor_1_cnt,2,46.01190185546875,543
d90_apl_ord_stg_num_sum,1,45.80039978027344,544
loan_pass_unique_fund_cnt_1m,5,45.67845010757446,545
stg_pln_cnt_7d_ftr_all,3,45.38549995422363,546
stg_pln_sum_rep_prc_3m_his_ovd_0d_pls_3d_zd_rto_v2,3,45.33440017700195,547
24stg_pln_repay_amt_second_der_avg,5,45.32400035858154,548
d90_faqi_trade_amt_larger_than_unpaid_principal_tot_amt_t_day_count_sum,1,44.79130172729492,549
stg_pln_sum_rep_prc_12m_his_d0_non_zd,4,44.75331115722656,550
3m_repay_amt_first_der_mean_diff,4,44.514790534973145,551
af_1y_inter_3m_count_up,1,44.441200256347656,552
pst_ord_apl_suc_sum_prc_amt_90_180_day_rto,5,44.38939094543457,553
m6_stg_pln_normal_batch_rep_apl_cnt_sum,3,44.28730010986328,554
d360_stddev_adv_repay_fee,4,44.035441398620605,555
pmt_hnd_amt_rat_1m,4,43.87422037124634,556
12stg_pln_repay_amt_first_der_sum,4,43.826239585876465,557
ord_apl_suc_6_cnt_360_day_rto,4,43.722900390625,558
m3_stg_pln_rep_apl_cnt_his_ovd_min,4,43.631569385528564,559
d1080_max_ovd_repay_amt_divide_d1080_max_suc_prc_amt,3,42.82979869842529,560
ord_apl_suc_sum_prc_amt_180_day_13_18,3,42.722901344299316,561
6m_repay_amt_first_der_mean_diff,4,42.31049060821533,562
12m_repay_ftr_amt_first_der_min,3,42.239800453186035,563
12thord_con_late_repay_max,3,42.19490051269531,564
12m_used_lmt_first_der_min,5,42.1087908744812,565
min_fst_ddf_mdl_rep_dte_ovd_pls_bjq,5,42.07391023635864,566
12m_repay_ftr_amt_second_der_sum,2,42.042261600494385,567
ddf_3m_rep_dte_7_crt_dt_rep_prc_amt_rto,3,41.95310974121094,568
d1080_max_due_prc_amt_divide_d1080_max_faqi_prc_amt,5,41.87848629709333,569
d180_max_ovd_repay_amt_divide_d180_max_suc_prc_amt,3,41.584099769592285,570
d1080_max_adv_repay_amt_divide_d1080_max_faqi_prc_amt,3,41.50402021408081,571
stg_pln_pay_off_max_prc_amt_pday_bjq_12m,3,41.43209934234619,572
light_his_max_ovd_repay_amt_divide_heavy_his_max_ovd_repay_amt,5,41.310669898986816,573
bf_9m_inter_1m_sum_down,2,40.88039970397949,574
ord_apl_fal_cnt_360_day_bjq_12m,3,40.87279987335205,575
d15_bsy_typ_bt_cash_apl_ord_cnt_all,2,40.85160160064697,576
6m_used_lmt_second_der_mean_diff,3,40.7537899017334,577
12m_repay_amt_second_der_avg,3,40.534260749816895,578
avg_avl_lmt_lft_rep_prc_all_cash_bjq_12m,3,40.37339973449707,579
stg_pln_avg_rep_prc_12m_due_light,3,39.99069881439209,580
ord_apl_suc_sum_prc_amt_360_day_bjq_12m,3,39.85400104522705,581
d90_aplord_amt_grt_fst_month_rto,3,39.804399490356445,582
m6_stg_pln_normal_batch_rep_apl_cnt_mor_2_stg_amt_sum,4,39.78650951385498,583
d360_ovdrepay_fail_trade_in_same_month_count_sum,4,39.71445941925049,584
stddev_amt_event_type_repay_all,4,39.52588129043579,585
stg_pln_sum_rep_prc_3m_his_d0_mrn_zd_rto_v2,3,39.37839984893799,586
d360_faqiamt_thismon_sum_larger_than_rsk_avl_lmt_cash_count_sum,3,39.360700607299805,587
stg_pln_sum_rep_prc_3m_his_d0_afn_pk,3,39.300700187683105,588
ddf_12m_rep_dte_1_crt_dt_rep_prc_amt_rto,3,38.9783992767334,589
ord_apl_suc_sum_prc_amt_720_day_19_23,3,38.96329975128174,590
stg_pln_sum_rep_prc_12m_his_d0_afn_zd,3,38.93410015106201,591
ord_apl_suc_sum_prc_amt_19_23,3,38.88469982147217,592
ord_apl_sum_prc_amt_360_day_00_03,3,38.86489963531494,593
stg_pln_min_prc_amt_his_on_light,3,38.63479995727539,594
30stg_pln_repay_amt_first_der_mean_rto,3,38.55970001220703,595
m1_normal_batch_rep_apl_suc_amt_avg,4,38.49987983703613,596
m3_stg_pln_rep_apl_suc_cnt_max,1,38.395301818847656,597
ord_apl_sum_prc_amt_360_day_04_06,3,38.00373077392578,598
stg_pln_sum_prc_amt_7d_ftr_his_rto_cash,3,37.8975305557251,599
d360_due_repay_amt_avg_divide_d360_faqi_trade_amt_avg,3,37.857298851013184,600
12stg_pln_repay_amt_first_der_mean_diff,4,37.81047964096069,601
rsk_lmt_rate_ch_1m_grt_0p2_cnt_3m,1,37.80580139160156,602
percent_true_followup_code_other_called_phone_social_relations_family_7d,5,37.76390027999878,603
m3_manual_rep_apl_suc_amt_sum,4,37.6287899017334,604
ddf_1m_rep_dte_neg_3_crt_dt_rep_prc_amt_rto,2,37.33859920501709,605
d360_advrepay_thismon_sum_larger_than_rsk_avl_lmt_cash_count_sum,3,37.29707050323486,606
mid_1_pmt_blc_not_eng_rat_3m,3,37.28027009963989,607
ddf_bjq_12m_rep_dte_neg_7_crt_dt_rep_prc_amt_rto,4,37.13643932342529,608
d180_max_adv_repay_amt_divide_d180_max_faqi_prc_amt,3,37.09709930419922,609
m1_stg_pln_rep_apl_cnt_mor_4_stg_amt_min,4,36.90252065658569,610
d15_d360_suc_ord_cnt_rat,3,36.88311958312988,611
heavy_his_sum_fail_prc_amt_divide_light_his_sum_ontim_repay_amt,3,36.871100425720215,612
last_event_type_day_diff_shift1_event_type_repay_all,3,36.763540267944336,613
d1080_faqiamt_thismon_sum_larger_than_rsk_adt_lmt_cash_count_sum,2,36.65439987182617,614
d1080_trade_fail_stgnum_avg_mon_divide_his_trade_success_stgnum_avg_mon,3,36.155099868774414,615
rsi_af_1y_inter_1m,3,36.09660053253174,616
percent_true_followup_code_other_90d,2,35.973899841308594,617
m6_stg_pln_manual_deduct_rep_apl_cnt_equal_1_cnt_rat,2,35.89000129699707,618
stg_pln_sum_prc_amt_ovd_pls_fst_ord,3,35.87961006164551,619
stg_pln_max_prc_amt_adv_rct_36m,3,35.87704038619995,620
d360_schedule_pay_penalty_sum_divide_d360_principal_sum,2,35.795000076293945,621
m3_pmt_not_eng_equal_1_stg_pln_amt_rat,3,35.75540065765381,622
m1_pmt_not_eng_equal_3_stg_pln_amt_rat,3,35.72377967834473,623
his_csh_apl_ord_cnt_his_rto,3,35.653260231018066,624
stg_pln_cnt_his_fst_ord_bjq_12m,3,35.61590099334717,625
n_unique_channel_event_result_1,3,35.492899894714355,626
credit_unique_fund_cnt_3m,4,35.475900173187256,627
stg_pln_sum_rep_prc_12m_his_d0_dwn_zd,3,35.45427989959717,628
m1_stg_pln_ovd_1d_3d_rep_apl_cnt,2,35.36400032043457,629
stg_pln_cnt_adv_3d_bjq_12m,4,35.269800662994385,630
d720_max_ovd_repay_amt_divide_rsk_adt_lmt_cash,3,34.90001964569092,631
stg_pln_max_prc_amt_adv_rct_3m,3,34.721099853515625,632
f54__percent_true_call_mode_is_manual_called_phone_social_relations_is_friend_30d,1,34.50960159301758,633
min_rsk_avl_lmt_24m_bt_ch,4,34.4542498588562,634
last_amt_type_light_all,3,34.404719829559326,635
sum_day_diff_shift1_event_type_loan_all,4,34.178590297698975,636
3m_repay_amt_first_der_mean_rto,3,34.106900215148926,637
stg_pln_cnt_ovd_pls_rep_1m_rto_his,2,34.04020023345947,638
12m_repay_ftr_amt_second_der_min,3,33.94917011260986,639
n_unique_day_diff_shift1_event_type_loan,4,33.9085898399353,640
avg_ddf_rep_dte_ord_crt_tim_3,4,33.84603023529053,641
f54__percent_true_call_mode_is_manual_called_phone_social_relations_is_family_15d,1,33.472999572753906,642
d365_aplord_amt_grt_fst_month_rto,4,33.412320137023926,643
3m_repay_amt_second_der_max,3,33.20590019226074,644
m6_stg_pln_normal_batch_rep_apl_fal_cnt_avg,3,33.100589752197266,645
heavy_d720_sum_faqi_prc_amt_divide_light_d720_sum_ontim_repay_amt,4,32.95772933959961,646
m6_stg_pln_rep_apl_amt_ovd_1d_3d_min,3,32.84029960632324,647
credit_fund_level1_reject_cnt_24m,2,32.80050086975098,648
heavy_his_sum_faqi_prc_amt_divide_light_his_sum_ovd_repay_amt,2,32.76949977874756,649
stg_pln_sum_rep_prc_3m_his_d0_non_zd_v2,2,32.76450061798096,650
m6_lbs_collect_distance_max,2,32.73629951477051,651
stg_pln_max_prc_amt_36m_on_light,3,32.73231029510498,652
min_rsk_avl_lmt_bjq_12m_all,3,32.671199798583984,653
m6_stg_pln_d0_pmt_not_eng_cnt_avg,3,32.643160343170166,654
ord_apl_suc_sum_prc_amt_360_day_00_03_bjq_12m,3,32.567440032958984,655
ord_apl_cnt_19_23,3,32.2093300819397,656
min_ddf_mdl_rep_tim_d0_rep_his_bjq_12m,3,32.1803195476532,657
stg_pln_pay_off_cnt_14d,2,32.17219924926758,658
loan_fund_level1_principal_sum_all,3,32.095680236816406,659
stg_pln_sum_rep_prc_12m_his_d0_mrn_zd_v2,3,32.086899757385254,660
stg_pln_sum_prc_amt_12m_36m_rto,3,31.902869701385498,661
his_lend_heavy_to_repay_light_inner14d_order_num_sum,4,31.88878059387207,662
light_d90_sum_faqi_count_divide_heavy_d90_sum_faqi_count,4,31.848159790039062,663
ord_apl_cnt_720_day_19_23,3,31.775150299072266,664
stg_pln_cnt_d0_rep_his_fst_ord,3,31.704830169677734,665
12ord_apply_amt_second_der_mean_rto,3,31.56948947906494,666
m3_stg_pln_adv_rep_apl_cnt_rat,3,31.434570789337158,667
m3_stg_pln_his_ovd_rep_apl_cnt_rat,1,31.343599319458008,668
pst_ord_apl_suc_sum_prc_amt_180_360_day_rto,3,31.200300216674805,669
light_d720_max_fail_prc_amt_divide_heavy_d720_max_fail_prc_amt,3,31.13998031616211,670
loan_fund_level1_min_terms_min_all,3,30.874879837036133,671
stg_pln_sum_rep_prc_his_d0_mrn_pk,3,30.805009603500366,672
m3_rep_apl_suc_amt_avg,3,30.79421901702881,673
stg_pln_cnt_3m_6m_ftr_rto_all,3,30.78490972518921,674
light_d720_sum_faqi_prc_amt_divide_heavy_d720_sum_adv_repay_amt,4,30.710840702056885,675
used_rate_ch_grt_0p5_rate_3m_suc,2,30.70895004272461,676
m6_stg_pln_rep_apl_amt_d0_min,3,30.69098997116089,677
payment_not_balancenotenough_dis_rate_3m,2,30.688800811767578,678
percent_true_call_mode_is_manual_called_phone_social_relations_is_family_90d,1,30.655799865722656,679
stg_pln_min_prc_amt_3m_ftr_his_rto_cash,3,30.591569423675537,680
stg_pln_sum_rep_prc_3m_his_d0_evn_zd_rto,2,30.547100067138672,681
36stg_pln_repay_amt_second_der_mean_rto,3,30.51704978942871,682
d360_max_adv_repay_amt_divide_rsk_adt_lmt_cash,2,30.418500900268555,683
stg_pln_cnt_adv_3d,3,30.362959384918213,684
heavy_his_max_fail_prc_amt_divide_light_his_max_adv_repay_amt,3,30.33899974822998,685
m6_manual_rep_apl_suc_amt_max,3,30.282169342041016,686
light_his_sum_faqi_prc_amt_divide_heavy_his_sum_adv_repay_amt,2,30.263500213623047,687
d90_lend_light_to_repay_heavy_inner7d_order_amt_sum,2,30.227200508117676,688
6m_repay_amt_second_der_median,3,30.081059455871582,689
d90_repaid_interest_fee_sum_divide_d90_principal_sum,3,30.031009197235107,690
stg_pln_sum_prc_amt_adv_1m,3,29.88814926147461,691
credit_fund_level2_ratio_3m,3,29.79246950149536,692
stg_pln_sum_rep_prc_1m_his_ovd_0d_pls_3d_mrn_pk_rto_v2,3,29.735490798950195,693
24thord_con_ontime_repay_max,3,29.726210117340088,694
stg_pln_sum_rep_prc_his_d0_afn_zd_rto_v2,3,29.60276985168457,695
used_rate_ch_grt_0p8_rate_1m_suc,1,29.570899963378906,696
stg_pln_max_rep_prc_12m_his,3,29.31355094909668,697
stg_pln_avg_prc_amt_24m_adv_light,2,29.309598922729492,698
std_amt_channel_hb,3,29.081649780273438,699
stg_pln_sum_rep_prc_his_d0_evn_zd_v2,2,29.057700157165527,700
stg_pln_sum_rep_prc_3m_his_d0_afn_zd_rto_v2,2,29.008899688720703,701
d30_apl_ord_prc_amt_max_all,2,28.96673011779785,702
ddf_mdl_max_not_ovd_tqhk_rep_tim_12m,2,28.668099403381348,703
credit_fund_level2_max_limit_cnt_6m,2,28.529399871826172,704
6stg_pln_repay_amt_second_der_mean_rto,3,28.360319077968597,705
stg_pln_cnt_7d_ftr_rep_cash,3,28.296720027923584,706
m1_stg_pln_rep_apl_cnt_d0_avg,2,27.97170066833496,707
stg_pln_avg_prc_amt_1m_adv_light,3,27.9443097114563,708
heavy_his_sum_faqi_prc_amt_divide_light_his_sum_adv_repay_amt,2,27.895099639892578,709
af_6m_inter_1m_count_down,1,27.653099060058594,710
loan_fund_other_ratio_all,2,27.334439277648926,711
bf_1y_inter_3m_sum_down,3,27.31962013244629,712
payment_day_6m,2,27.31379985809326,713
light_his_max_adv_repay_amt_divide_heavy_his_max_adv_repay_amt,4,26.990070343017578,714
12m_repay_ftr_amt_second_der_max,3,26.90973949432373,715
ddf_rep_dte_7_crt_dt_max_prc_amt,3,26.775869846343994,716
m6_stg_pln_rep_apl_cnt_equal_1_manual_rep_apl_amt_min,2,26.64229965209961,717
stg_pln_fst_sum_prc_amt_ovd_pls,4,26.514359951019287,718
light_d720_sum_suc_prc_amt_divide_heavy_d720_sum_suc_prc_amt,2,26.509300231933594,719
stg_pln_sum_prc_amt_ovd_7d_pls_rep_bjq_12m_rto,3,26.500929355621338,720
light_d720_max_faqi_prc_amt_divide_heavy_d720_max_ovd_repay_amt,2,26.401100158691406,721
credit_ratio_6m,2,26.34160041809082,722
m3_stg_pln_ovd_1d_3d_normal_batch_rep_apl_fal_cnt,2,26.33619976043701,723
stg_pln_max_prc_amt_1m_due_light,2,26.056599617004395,724
m3_manual_rep_apl_stg_pln_cnt_max,1,26.048099517822266,725
ddf_mdl_max_con_dau_dt_14d,1,25.965599060058594,726
stg_pln_cnt_6m_12m_ftr_all,2,25.904629707336426,727
d7_apl_ord_prc_amt_per_stg_max_all,2,25.88409996032715,728
stg_pln_avg_prc_amt_6m_light,3,25.80202007293701,729
ddf_24m_rep_dte_3_crt_dt_max_prc_amt,3,25.684130430221558,730
d90_ovdrepay_amt_sum_divide_ontimrepay_amt_sum,2,25.654099464416504,731
m3_stg_pln_rep_apl_fal_cnt_equal_2_cnt_rat,3,25.5438494682312,732
stg_pln_sum_rep_prc_12m_his_d0_afn_pk_rto,3,25.51765012741089,733
light_his_sum_faqi_count_divide_heavy_his_sum_faqi_count,2,25.389460563659668,734
d7_apl_ord_prc_amt_sum_all,1,25.31909942626953,735
stg_pln_sum_prc_amt_ovd_pls_rep_bjq_12m,2,25.2852201461792,736
d360_trade_fail_amt_sum_mon_divide_his_trade_success_amt_sum_mon,2,25.212499618530273,737
m6_manual_deduct_rep_apl_suc_stg_pln_cnt_sum,2,24.994319915771484,738
stg_pln_avg_prc_amt_his_due_light,2,24.970399856567383,739
stg_pln_cnt_adv_fst_ord,2,24.908100128173828,740
m6_add_bathch_rep_apl_cnt_rat,2,24.901100158691406,741
stg_pln_sum_prc_amt_adv_rep_6m_rto,2,24.694299697875977,742
his_1d_app_str_ctn_v2,2,24.627599716186523,743
loan_ratio_6m,2,24.584099769592285,744
m1_pmt_not_eng_stg_pln_d0_amt_sum_rat,2,24.514500617980957,745
percent_true_followup_code_wfjt_180d,2,24.45011043548584,746
3ord_apply_amt_first_der_mean_rto,1,24.42060089111328,747
6thord_con_ontime_repay_max,2,24.402289390563965,748
credit_fund_other_reject_cnt_36m,2,24.394309997558594,749
ddf_6m_rep_dte_5_crt_dt_rep_prc_amt_rto,2,24.29419994354248,750
ord_apl_suc_min_stg_num_360_day_bjq_12m,1,24.106599807739258,751
stg_pln_sum_rep_prc_3m_his_d0_dwn_zd_rto_v2,1,24.095199584960938,752
payment_not_balancenotenough_day_3m,3,24.05776023864746,753
m6_stg_pln_pmt_not_eng_amt_min,3,24.009549617767334,754
18ord_apply_amt_first_der_mean_rto,2,23.879159927368164,755
d360_trade_fail_stgnum_avg_mon_divide_his_trade_success_stgnum_avg_mon,2,23.738699913024902,756
d360_max_adv_repay_amt_divide_d360_max_faqi_prc_amt,2,23.680100440979004,757
median_amt_other_info_auto_deduct_all,3,23.66330051422119,758
min_ddf_rep_dte_ord_crt_tim_neg_5_bjq_12m,2,23.439199447631836,759
m6_stg_pln_d0_normal_batch_rep_apl_cnt_equal_2_cnt_rat,2,23.367159843444824,760
stg_pln_cnt_24m_36m_diff_rto_light,2,23.31029987335205,761
stg_pln_sum_prc_amt_adv_2m_bjq_12m,2,23.071640014648438,762
his_lend_heavy_to_repay_light_inner14d_order_amt_rate,2,22.7632999420166,763
min_ddf_rep_tim_dte_ovd_pls,2,22.72735023498535,764
24stg_pln_repay_amt_first_der_mean_rto,2,22.627699851989746,765
d15_apl_ord_prc_amt_per_stg_avg,2,22.54485034942627,766
d720_max_ovd_repay_amt_divide_d720_max_suc_prc_amt,2,22.51959991455078,767
m6_pmt_not_eng_amt_pday_max,2,22.490300178527832,768
d360_trade_fail_count_mon_divide_his_trade_success_count_mon,2,22.395209312438965,769
recent_6m_credit_fundcls_lv1_month_cnt,2,22.359339714050293,770
stg_pln_sum_rep_prc_1m_his_d0_dwn_zd,2,22.351200103759766,771
12m_repay_amt_second_der_mean_diff,2,22.341039657592773,772
stg_pln_sum_prc_amt_ovd_pls_fst_ord_bjq_12m,2,22.202499389648438,773
stg_pln_max_prc_amt_d0_rep_his_fst_ord,2,22.15392017364502,774
ddf_24m_rep_dte_neg_7_crt_dt_min_prc_amt,2,22.132790565490723,775
stg_pln_sum_prc_amt_his_adv_light,2,22.101269721984863,776
percent_true_followup_code_other_called_phone_social_relations_friend_180d,2,22.05273962020874,777
credit_loan_usage_rate_24m,3,22.000619888305664,778
m3_rep_apl_fal_stg_pln_cnt_avg,3,21.9312801361084,779
d180_apl_ord_prc_amt_per_stg_min,3,21.82380962371826,780
6ord_apply_amt_second_der_mean_rto,2,21.82214069366455,781
m3_stg_pln_normal_batch_rep_apl_cnt_mor_0_cnt_rat,2,21.73866033554077,782
pst_ord_apl_suc_max_prc_amt_360_day_bjq_12m,3,21.687819957733154,783
stg_pln_sum_prc_amt_6m_12m_ftr_cash,2,21.530070304870605,784
percent_true_followup_code_wfjt_is_can_contact_person_yes_15d,1,21.494400024414062,785
m6_manual_tim_19_24_rep_apl_suc_cnt_rat,2,21.3121395111084,786
m6_stg_pln_manual_deduct_rep_apl_fal_cnt_avg,2,21.288009643554688,787
stg_pln_sum_prc_amt_adv_3d_bjq_12m,2,21.222209930419922,788
d60_d360_suc_ord_cnt_rat_all,2,21.127119541168213,789
stg_pln_sum_rep_prc_3m_his_d0_afn_pk_rto,2,20.97542953491211,790
ord_apl_sum_prc_amt_30_day_13_18,2,20.93410015106201,791
bf_q2_q1_trend,2,20.82486057281494,792
6stg_pln_repay_amt_first_der_great_0_count,2,20.737020015716553,793
d15_suc_ord_days_cnt,1,20.692100524902344,794
m1_manual_work_day_rep_apl_cnt_rat,2,20.607879638671875,795
m1_stg_pln_d0_rep_apl_fal_cnt_equal_0_cnt_rat,2,20.59084987640381,796
m6_stg_pln_ao_offline_rep_apl_suc_cnt_avg,2,20.579879760742188,797
m6_payment_not_eng_mdl_crt_ddf_min,2,20.45757007598877,798
36stg_pln_repay_amt_first_der_mean_rto,2,20.313010215759277,799
pmt_crd_amt_1m,2,20.279890060424805,800
min_ddf_mdl_rep_dte_ftr,2,20.266530513763428,801
percent_true_followup_code_wfjt_is_can_contact_person_yes_180d,2,20.24137020111084,802
stg_pln_sum_prc_amt_adv_fst_ord,2,20.074790000915527,803
m6_manual_tim_13_18_rep_apl_suc_cnt,2,20.031350135803223,804
payment_balancenotenough_dis_rate_1m,2,20.007080078125,805
stg_pln_sum_rep_prc_his_d0_afn_zd_v2,3,19.948218047618866,806
recent_1m_repay_progress_max,3,19.87483024597168,807
avg_rsk_lmt_rate_36m_dcp,3,19.87202024459839,808
ord_apl_sum_prc_amt_360_day_00_03_bjq_12m,3,19.806900024414062,809
bf_6m_trend,2,19.749079704284668,810
d180_ovdrepay_amt_sum_divide_ontimrepay_amt_sum,2,19.649529457092285,811
stg_pln_avg_prc_amt_his_ftr_light,2,19.630419731140137,812
m3_rep_apl_stg_pln_cnt_min,1,19.625,813
rsk_lmt_rate_ch_1m_grt_0p2_rate_1m,1,19.306100845336914,814
d60_bsy_typ_api_apl_ord_cnt_all,1,19.17959976196289,815
d1080_due_repay_amt_larger_than_rsk_avl_lmt_cash_his_t_day_count_sum,2,19.11745023727417,816
credit_fund_other_min_ir_cnt_36m,2,19.07546043395996,817
3stg_pln_repay_amt_first_der_sum,2,18.995030403137207,818
heavy_d360_max_faqi_prc_amt_divide_light_d360_max_ontim_repay_amt,2,18.83219051361084,819
m6_stg_pln_rep_apl_fal_cnt_mor_1_rep_apl_amt_sum,2,18.633299827575684,820
his_1080_day_prc_amt_3_000_flg_apl_ord_cnt,1,18.577299118041992,821
heavy_d360_sum_faqi_prc_amt_divide_light_d360_sum_ontim_repay_amt,2,18.44264030456543,822
recent_24m_settle_loan_diff_days_min,2,18.295979976654053,823
stg_pln_sum_prc_amt_ovd_1d_3d_rep_12m,1,18.26889991760254,824
m3_pmt_not_eng_equal_2_stg_pln_d0_amt_sum,2,18.172579765319824,825
ddf_24m_rep_dte_1_crt_dt_rep_prc_amt_rto,1,18.158899307250977,826
credit_pass_unique_fund_cnt_24m,1,18.121200561523438,827
his_30_day_csh_apl_ord_cnt_his_rto,1,18.08180046081543,828
ai_call_cnt_10d,1,17.955799102783203,829
credit_fund_level2_min_limit_cnt_6m,1,17.926700592041016,830
loan_principal_max_24m,1,17.864099502563477,831
m6_19_23_lbs_collect_cnt,1,17.844999313354492,832
stg_pln_sum_prc_amt_ovd_7d_pls_rep_12m_rto,2,17.811319828033447,833
ddf_24m_rep_dte_neg_7_crt_dt_rep_prc_amt,2,17.781230449676514,834
m6_stg_pln_normal_batch_rep_apl_cnt_equal_2_cnt,1,17.757400512695312,835
credit_fund_level1_reject_cnt_36m,2,17.556440353393555,836
d15_apl_ord_prc_amt_per_stg_sum,1,17.51609992980957,837
6m_repay_amt_second_der_mean_diff,2,17.477180004119873,838
credit_fund_level2_min_limit_cnt_24m,2,17.35203981399536,839
m1_stg_pln_rep_apl_cnt_mor_2_cnt_rat,1,17.297000885009766,840
stg_pln_sum_rep_prc_6m_his_adv_rto,1,17.28569984436035,841
6m_repay_amt_first_der_median,2,17.278599739074707,842
3m_used_lmt_second_der_small_0_count,1,17.254199981689453,843
m6_stg_pln_rep_apl_cnt_equal_1_adv_cnt,1,17.19809913635254,844
stg_pln_max_prc_amt_adv_rct_6m,1,17.11039924621582,845
m3_lbs_collect_distance_avg,2,17.103740215301514,846
stg_pln_max_prc_amt_ovd_pls_fst_ord,2,16.991450309753418,847
stg_pln_sum_prc_amt_6m_12m_diff_rto_light,2,16.985139846801758,848
credit_pass_unique_fund_cnt_3m,1,16.958499908447266,849
stg_pln_pay_off_sum_prc_amt_1m_3m_rto,2,16.85595989227295,850
ddf_3m_rep_dte_5_crt_dt_max_prc_amt,1,16.847400665283203,851
m6_stg_pln_ovd_1d_3d_manual_rep_apl_fal_cnt,1,16.774099349975586,852
m6_add_bathch_rep_apl_suc_amt_max,1,16.607999801635742,853
percent_true_followup_code_yyxh_180d,1,16.5403995513916,854
max_ddf_mdl_rep_dte_his_bjq,4,16.45989990234375,855
d360_lend_light_to_repay_heavy_inner7d_order_stg_rate,1,16.39299964904785,856
m3_part_suc_rep_apl_cnt_rat,1,16.362699508666992,857
rsk_lmt_rate_ch_1m_grt_0p95_cnt_1m,1,16.350000381469727,858
m3_northwest_lbs_collect_uniq_cnt,2,16.348909854888916,859
ord_apl_cnt_90_day_07_12,1,16.32900047302246,860
stg_pln_cnt_7d_ftr_his_rto_cash,1,16.32710075378418,861
stg_pln_avg_prc_amt_24m_his,3,16.313860177993774,862
dau_00_06_90d,2,16.063889980316162,863
d180_bsy_typ_api_apl_ord_cnt_all,1,16.060199737548828,864
clk_cnt_00_06_14d,1,16.052200317382812,865
his_360_day_csh_apl_ord_cnt_his_rto_bjq_12m,2,16.010669708251953,866
percent_true_followup_code_other_called_phone_social_relations_family_30d,1,15.941200256347656,867
his_csh_suc_ord_cnt,2,15.894830226898193,868
ord_apl_suc_cnt_720_day_13_18,1,15.824700355529785,869
m3_add_bathch_rep_apl_suc_cnt_rat,1,15.820500373840332,870
his_credit_fundcls_lv1_month_cnt,1,15.785300254821777,871
18m_repay_amt_second_der_mean_diff,1,15.781999588012695,872
d720_due_repay_amt_larger_than_rsk_avl_lmt_cash_his_t_day_count_sum,1,15.781100273132324,873
ddf_12m_rep_dte_neg_7_crt_dt_rep_prc_amt_rto,1,15.725000381469727,874
rsk_avl_lmt_ch_les_5000_cnt_1m,1,15.705400466918945,875
ddf_1m_rep_dte_7_crt_dt_ord_cnt,1,15.395899772644043,876
credit_pass_unique_scene_cnt_36m,1,15.383000373840332,877
f54__percent_true_call_mode_is_manual_called_phone_social_relations_is_self_is_can_contact_person_is_yes_30d,1,15.147500038146973,878
stg_pln_sum_rep_prc_3m_his_d0_afn_pk_rto_v2,1,15.11460018157959,879
m1_stg_pln_rep_apl_cnt_equal_2_cnt_rat,1,15.034099578857422,880
m1_stg_pln_normal_batch_rep_apl_cnt_avg,2,14.988719940185547,881
m6_pmt_not_eng_equal_1_stg_pln_d0_cnt_rat,1,14.963800430297852,882
recent_6m_overdue_3d_month_rto,2,14.958040237426758,883
rsk_avl_lmt_ch_1m_les_10000_rate_6m,1,14.89430046081543,884
d30_suc_ord_days_cnt_all,1,14.811300277709961,885
cnt_event_type_repay_event_result_1_all,2,14.781839609146118,886
m1_manual_tim_6_12_rep_apl_fal_cnt,1,14.735300064086914,887
recent_24m_repay_progress_rise_month_cnt,1,14.712900161743164,888
light_his_sum_ontim_repay_amt_divide_heavy_his_sum_ontim_repay_amt,2,14.647900104522705,889
m1_rep_apl_suc_stg_pln_cnt_avg,1,14.582599639892578,890
m1_pmt_not_eng_equal_1_stg_pln_amt_rat,1,14.500100135803223,891
m6_normal_batch_rep_apl_fal_cnt_rat,1,14.41569995880127,892
stg_pln_max_prc_amt_ovd_pls_fst_ord_bjq_12m,2,14.310660362243652,893
light_d720_max_faqi_prc_amt_divide_heavy_d720_max_adv_repay_amt,1,14.202199935913086,894
light_his_sum_ovd_repay_amt_divide_heavy_his_sum_ovd_repay_amt,2,14.088989734649658,895
6m_repay_amt_second_der_sum,1,14.056599617004395,896
stg_pln_sum_rep_prc_his_d0_non_zd_v2,2,14.050610065460205,897
credit_max_limit_cnt_12m,1,14.023799896240234,898
stg_pln_sum_prc_amt_adv_rct_14d_rto,1,14.020099639892578,899
stg_pln_sum_prc_amt_36m_ftr_light,1,13.90369987487793,900
ai_wcnhk_cnt_3d,2,13.84984016418457,901
ord_apl_suc_cnt_00_03,1,13.80049991607666,902
stg_pln_cnt_due_1m_rto_his_light,1,13.782099723815918,903
percent_true_followup_code_wfjt_called_phone_social_relations_family_180d,1,13.779800415039062,904
cnt_type_light_uid_recent_days_30,1,13.765899658203125,905
m6_rep_apl_suc_stg_pln_cnt_avg,1,13.753000259399414,906
his_heavy_shouxin_inner30d_light_trade_fail_count,2,13.635980129241943,907
ord_apl_suc_cnt_04_06,1,13.566499710083008,908
credit_min_limit_cnt_6m,1,13.489299774169922,909
loan_fund_level1_max_terms_max_all,1,13.480999946594238,910
percent_true_followup_code_yjt_call_mode_manual_90d,1,13.480400085449219,911
light_his_max_fail_prc_amt_divide_heavy_his_max_ovd_repay_amt,1,13.286499977111816,912
5d_range_max_prc_amt_his,2,13.208139896392822,913
d1080_trade_fail_amt_sum_mon_divide_his_trade_success_amt_sum_mon,1,13.012299537658691,914
stg_pln_sum_prc_amt_adv_bjq_12m,1,12.953399658203125,915
ai_answer_cnt_10d,1,12.928099632263184,916
d15_d30_suc_ord_prc_amt_avg_rat_all,1,12.838500022888184,917
min_ddf_rep_tim_dte_adv_fst_ord_bjq_12m,1,12.758600234985352,918
light_his_max_fail_prc_amt_divide_heavy_his_max_adv_repay_amt,1,12.696999549865723,919
his_360_day_bt_apl_ord_cnt_csh_rto_bjq_12m,1,12.683300018310547,920
light_d360_sum_faqi_prc_amt_divide_heavy_d360_sum_ontim_repay_amt,1,12.660599708557129,921
m1_manual_weekend_day_rep_apl_suc_cnt,1,12.650400161743164,922
stg_pln_cnt_3d_ftr_his_rto_cash,1,12.621199607849121,923
rsk_lmt_rate_ch_1m_grt_0p2_cnt_bjq_12m,1,12.510000228881836,924
d1080_ovdrepay_fail_trade_in_same_month_count_sum,1,12.370499610900879,925
m1_stg_pln_normal_batch_rep_apl_cnt_equal_2_cnt_rat,1,12.36359977722168,926
loan_principal_min_24m,1,12.338600158691406,927
m1_manual_tim_13_18_rep_apl_cnt_rat,1,12.250200271606445,928
d1080_advrepay_large_than_ontimrepay_amt_months_count_sum,1,12.221599578857422,929
stg_pln_avg_prc_amt_36m_per_mth_light,1,12.184599876403809,930
credit_fund_level1_ratio_12m,1,12.176899909973145,931
pst_ord_apl_suc_sum_stg_num_360_day_bjq_12m,1,12.159500122070312,932
m1_stg_pln_his_ovd_rep_apl_cnt_rat,1,12.111800193786621,933
stg_pln_cnt_due_6m_rto_his_light,1,12.074700355529785,934
d1095_avl_lmt_eql_0_month_cnt,1,12.045299530029297,935
his_90_day_prc_amt_1_000_flg_suc_ord_cnt,1,12.038200378417969,936
18ord_apply_amt_second_der_max,1,12.022700309753418,937
stg_pln_avg_prc_amt_6m_adv_light,1,11.996600151062012,938
f54__percent_true_call_mode_is_manual_called_phone_social_relations_is_self_is_can_contact_person_is_no_90d,1,11.953499794006348,939
credit_unique_fund_cnt_1m,1,11.912599563598633,940
m1_stg_pln_normal_batch_rep_apl_suc_cnt_min,1,11.910599708557129,941
d730_avl_lmt_con_drp_month_max,1,11.893600463867188,942
m3_level2_city_lbs_collect_cnt,1,11.884900093078613,943
ddf_bjq_12m_rep_dte_0_crt_dt_rep_prc_amt_rto,1,11.865900039672852,944
d360_ovdrepay_amt_sum_divide_advrepay_amt_sum,1,11.865400314331055,945
stg_pln_sum_rep_prc_1m_his_d0_non_zd_rto,1,11.853899955749512,946
m6_east_lbs_collect_cnt,2,11.84630012512207,947
percent_true_followup_code_yjt_180d,1,11.777400016784668,948
num_true_call_mode_is_ai_called_phone_social_relations_is_self_is_can_contact_person_is_no_60d,1,11.688199996948242,949
stg_pln_max_prc_amt_adv_rep_1m,1,11.6806001663208,950
his_heavy_light_fail_trade_same_month_count,1,11.637900352478027,951
min_ddf_rep_dte_ord_crt_tim_7,1,11.614299774169922,952
unpaid_principal_future_light_divide_heavy,1,11.600199699401855,953
stg_pln_max_prc_amt_adv_3m_bjq_12m,3,11.544409990310669,954
his_lend_heavy_to_repay_light_inner3d_order_amt_sum,1,11.48799991607666,955
d15_d30_apl_ord_prc_amt_avg_rat_all,1,11.462900161743164,956
m6_rep_apl_suc_amt_min,2,11.455249786376953,957
stg_pln_cnt_ovd_pls_rep_bjq_12m,1,11.405900001525879,958
his_light_shouxin_heavy_suc_trade_same_month_count,1,11.402400016784668,959
ord_apl_cnt_90_day_19_23,1,11.286600112915039,960
d365_aplord_amt_grt_fst_month_cnt,1,11.208800315856934,961
d90_advrepay_large_than_ontimrepay_amt_months_count_sum,1,11.194499969482422,962
f54__percent_true_call_mode_is_manual_called_phone_social_relations_is_friend_180d,1,11.149200439453125,963
ai_answer_close_cnt_30d,1,11.09749984741211,964
ord_apl_suc_sum_prc_amt_180_day_19_23,1,11.091099739074707,965
m6_pmt_not_eng_equal_1_stg_pln_d0_amt_sum,1,11.051300048828125,966
stg_pln_max_prc_amt_adv_d0_rep_his_fst_ord_bjq_12m,1,10.969499588012695,967
credit_limit_cnt_24m,1,10.84119987487793,968
m6_stg_pln_d0_manual_rep_apl_cnt_mor_0_cnt,1,10.823599815368652,969
6ord_apply_amt_first_der_sum,1,10.816800117492676,970
3m_repay_ftr_amt_second_der_great_0_count,1,10.705100059509277,971
stg_pln_sum_rep_prc_6m_his_adv,1,10.648900032043457,972
stg_pln_max_prc_amt_24m_ftr_light,1,10.648900032043457,973
m6_stg_pln_rep_apl_amt_adv_min,1,10.570599555969238,974
stg_pln_cnt_6m_12m_diff_rto_light,1,10.54580020904541,975
m3_stg_pln_rep_apl_cnt_min,1,10.35319995880127,976
m1_lbs_collect_distance_sum,1,10.337499618530273,977
m6_stg_pln_normal_batch_rep_apl_cnt_mor_4_cnt_rat,1,10.318099975585938,978
dau_00_06_14d,1,10.228699684143066,979
rsk_avl_lmt_ch_1m_les_500_rate_bjq_12m,1,10.180899620056152,980
fst_fal_ord_stg_num,1,10.063899993896484,981
light_d360_sum_ontim_repay_amt_divide_heavy_d360_sum_ontim_repay_amt,1,9.95911979675293,982
max_ddf_rep_tim_dte_ovd_pls_rep_bjq_12m,1,9.879850387573242,983
f54__percent_true_call_mode_is_manual_called_phone_social_relations_is_family_is_can_contact_person_is_yes_60d,1,9.875760078430176,984
credit_fund_other_limit_cnt_24m,1,9.829099655151367,985
ord_apl_suc_sum_prc_amt_360_day_07_12_bjq_12m,1,9.786620140075684,986
ai_answer_close_cnt_15d,1,9.777640342712402,987
stg_pln_max_prc_amt_ovd_3d_pls_rep_bjq_12m,1,9.660380363464355,988
m6_stg_pln_rep_apl_cnt_mor_4_stg_amt_min,1,9.504280090332031,989
m6_manual_deduct_rep_apl_suc_cnt,1,9.46306037902832,990
18stg_pln_repay_amt_second_der_mean_diff,1,9.426549911499023,991
stg_pln_cnt_d0_rep_24m,1,9.41862964630127,992
his_settle_loan_diff_days_min,1,9.34984016418457,993
stg_pln_cnt_7d_ftr_his_rto_all,1,9.1533203125,994
d720_ovdrepay_amt_sum_divide_ontimrepay_amt_sum,1,9.002630233764648,995
stg_pln_cnt_ovd_14d_pls_rep_bjq_12m,1,8.98917007446289,996
m1_mrn_rep_apl_cnt,1,8.959529876708984,997
m6_stg_pln_d0_rep_apl_cnt_mor_4_cnt_rat,1,8.953439712524414,998
m1_stg_pln_d0_rep_apl_fal_cnt_mor_4_cnt_rat,1,8.844400405883789,999
m3_pmt_not_eng_stg_pln_cnt_rat,1,8.728730201721191,1000
m1_normal_batch_rep_apl_suc_cnt,1,8.706279754638672,1001
percent_true_followup_code_other_180d,1,8.682760238647461,1002
stg_pln_sum_prc_amt_1m_6m_diff_rto_light,1,8.659549713134766,1003
ord_apl_sum_prc_amt_360_day_19_23_bjq_12m,1,8.658659934997559,1004
12m_repay_ftr_amt_second_der_mean_rto,1,8.423609733581543,1005
d360_light_limit_divide_btch_adt_limit,1,8.26220989227295,1006
ord_apl_max_prc_amt_360_day_bjq_12m,1,8.260259628295898,1007
ddf_36m_rep_dte_neg_3_crt_dt_max_prc_amt,1,8.257499694824219,1008
m1_stg_pln_pmt_not_eng_amt_max,1,8.253950119018555,1009
his_ovd_4d14d_repay_amt_sum_divide_adv_15dminus_repay_amt_sum,1,8.123120307922363,1010
15d_range_avg_prc_amt_6m,1,8.0968599319458,1011
stg_pln_sum_prc_amt_adv_rep_his,1,8.074970245361328,1012
m3_manual_rep_apl_suc_stg_pln_cnt_avg,1,7.884769916534424,1013
m6_stg_pln_rep_apl_fal_cnt_mor_1_rep_apl_amt_min,1,7.874159812927246,1014
ai_refuse_cnt_21d,1,7.842050075531006,1015
bf_q3_q2_trend,1,7.827889919281006,1016
m6_manual_rep_apl_fal_cnt_rat,1,7.8176398277282715,1017
m1_stg_pln_manual_deduct_rep_apl_cnt_equal_1_cnt_rat,1,7.764050006866455,1018
stg_pln_cnt_adv_rct,1,7.721069812774658,1019
d30_d180_his_rep_amt_sum_rat_all,1,7.6777801513671875,1020
min_avl_lmt_lft_rep_prc_2m_cash_bjq_12m,1,7.5716400146484375,1021
ddf_6m_rep_dte_1_crt_dt_max_prc_amt,1,7.546199798583984,1022
payment_balancenotenough_day_6m,1,7.390970230102539,1023
d30_suc_ord_prc_amt_sum_all,1,7.343530178070068,1024
m3_stg_pln_rep_apl_suc_cnt_avg,1,7.257919788360596,1025
loan_reject_cnt_all,1,7.202060222625732,1026
m3_stg_pln_normal_batch_rep_apl_cnt_equal_2_cnt_rat,1,7.098680019378662,1027
ord_apl_cnt_360_day_19_23_bjq_12m,1,7.09552001953125,1028
stg_pln_sum_prc_amt_ovd_1d_3d_rep_3m,1,7.088560104370117,1029
d90_apl_ord_prc_amt_per_stg_min_all,1,7.058129787445068,1030
stg_pln_max_prc_amt_his_light,1,6.966869831085205,1031
f54__percent_true_call_mode_is_ai_called_phone_social_relations_is_self_30d,1,6.894199848175049,1032
rsk_avl_lmt_ch_1m_les_1000_rate_1m,1,6.7377800941467285,1033
abf_1y_inter_1m_count_down,2,6.608269929885864,1034
m6_stg_pln_ovd_1d_3d_manual_deduct_rep_apl_suc_cnt_rat,1,6.512939929962158,1035
ord_apl_suc_cnt_90_day_13_18,1,6.441160202026367,1036
ai_wcnhk_cnt_15d,1,6.435919761657715,1037
m6_pmt_not_eng_equal_1_stg_pln_d0_cnt,1,6.354050159454346,1038
m6_pmt_not_eng_equal_2_stg_pln_d0_amt_sum_rat,1,6.280350208282471,1039
heavy_unpaid_principal_his_divide_his_light_limit,1,6.26678991317749,1040
18ord_apply_amt_first_der_max,1,6.185520172119141,1041
m3_stg_pln_manual_rep_apl_cnt_mor_0_cnt,1,6.102700233459473,1042
ai_rtp_cnt,1,6.033370018005371,1043
m6_stg_pln_rep_apl_fal_cnt_equal_2_cnt,1,6.0016398429870605,1044
stg_pln_max_prc_amt_adv_rct_24m,1,5.970829963684082,1045
m3_manual_deduct_rep_apl_cnt_rat,1,5.808949947357178,1046
m1_stg_pln_d0_rep_apl_cnt_equal_2_cnt,1,5.7395100593566895,1047
d180_due_repay_amt_larger_than_rsk_avl_lmt_cash_his_t_day_count_sum,1,5.738420009613037,1048
ord_apl_cnt_360_day_07_12_bjq_12m,1,5.599699974060059,1049
stg_pln_sum_prc_amt_3d_ftr_his_rto_cash,1,5.475729942321777,1050
m1_stg_pln_manual_rep_apl_cnt_mor_0_cnt,1,5.436960220336914,1051
ord_apl_cnt_720_day_00_03,1,5.207650184631348,1052
min_ddf_rep_dte_ord_crt_tim_neg_5,1,5.054699897766113,1053
ord_apl_sum_prc_amt_30_day_07_12,1,4.866489887237549,1054
m6_normal_batch_rep_apl_suc_amt_min,1,4.717710018157959,1055
max_ddf_rep_dte_ord_crt_tim_neg_7_bjq_12m,1,4.633659839630127,1056
max_ctn_ovd_day,1,4.5206499099731445,1057
stg_pln_sum_prc_amt_adv_fst_ord_bjq_12m,1,3.8914499282836914,1058
stg_pln_max_prc_amt_ovd_1d_3d_rep_bjq_12m,1,3.706939935684204,1059
his_1080_day_bt_apl_ord_cnt_csh_rto,1,3.6785900592803955,1060
ord_apl_suc_min_stg_num_his,1,2.2883799076080322,1061
ddf_3m_rep_dte_1_crt_dt_rep_prc_amt_rto,1,2.243190050125122,1062
stg_pln_max_prc_amt_ovd_7d_pls_rep_bjq_12m,1,0.7570739984512329,1063
stg_pln_cnt_36m_light,0,0.0,1064
stg_pln_sum_rep_prc_12m_his_ovd_0d_pls_3d_mrn_pk_rto_v2,0,0.0,1065
d360_apl_ord_stg_num_min_all,0,0.0,1066
18ord_apply_amt_second_der_mean_rto,0,0.0,1067
mdt_lst_60d_180d_stg_cnt_ever_overdue_rte_rte,0,0.0,1068
ai_busy_cnt_30d,0,0.0,1069
m6_payment_not_eng_inteday_max,0,0.0,1070
stg_pln_sum_rep_prc_1m_his_ovd_0d_pls_3d_zd_rto_v2,0,0.0,1071
stg_pln_avg_rep_prc_his_due_light,0,0.0,1072
m1_07_12_lbs_collect_cnt,0,0.0,1073
ai_answer_close_cnt_90d,0,0.0,1074
d90_ovdrepay_suc_trade_in_same_month_count_sum,0,0.0,1075
d360_suc_fail_trade_in_same_month_count_sum,0,0.0,1076
ai_refuse_cnt,0,0.0,1077
rsk_avl_lmt_ch_1m_les_10000_rate_bjq_12m,0,0.0,1078
m3_stg_pln_d0_rep_apl_cnt_mor_2_cnt_rat,0,0.0,1079
d30_d360_apl_ord_prc_amt_avg_rat_all,0,0.0,1080
stg_pln_pay_off_max_prc_amt_7d,0,0.0,1081
m1_manual_rep_apl_fal_cnt_rat,0,0.0,1082
m6_manual_deduct_rep_apl_suc_amt_avg,0,0.0,1083
percent_true_followup_code_jjhk_called_phone_social_relations_family_180d,0,0.0,1084
d15_suc_ord_prc_amt_per_stg_max_all,0,0.0,1085
ord_apl_suc_12_cnt_30_day,0,0.0,1086
ddf_bjq_12m_rep_dte_7_crt_dt_max_prc_amt,0,0.0,1087
ord_apl_sum_prc_amt_1080_day_04_06,0,0.0,1088
ai_call_cnt_3d,0,0.0,1089
ddf_bjq_12m_rep_dte_7_crt_dt_sum_prc_amt,0,0.0,1090
ord_apl_suc_cnt_360_day_00_03_bjq_12m,0,0.0,1091
his_advrepay_large_than_ontimrepay_amt_months_count_sum,0,0.0,1092
loan_fund_level1_avg_terms_all,0,0.0,1093
m6_south_lbs_collect_uniq_cnt,0,0.0,1094
credit_loan_fund_level2_usage_rate_12m,0,0.0,1095
recent_6m_prepay_3d_month_rto,0,0.0,1096
m1_rep_apl_fal_stg_pln_cnt_max,0,0.0,1097
stg_pln_max_prc_amt_24m_light,0,0.0,1098
stg_pln_sum_rep_prc_1m_his_d0_mrn_zd_v2,0,0.0,1099
recent_6m_credit_fundcls_other_month_cnt,0,0.0,1100
d90_stddev_schedule_pay_penalty,0,0.0,1101
light_d720_max_fail_prc_amt_divide_heavy_d720_max_ontim_repay_amt,0,0.0,1102
percent_true_followup_code_yjt_is_can_contact_person_yes_180d,0,0.0,1103
d7_level1_city_lbs_collect_cnt,0,0.0,1104
d7_level2_city_lbs_collect_uniq_cnt,0,0.0,1105
recent_1m_prepay_3d_month_rto,0,0.0,1106
his_heavy_ontime_repay_light_ovd_repay_same_month_count,0,0.0,1107
min_ddf_rep_tim_dte_adv_bjq_12m,0,0.0,1108
his_1080_day_bt_apl_ord_cnt_his_rto,0,0.0,1109
d1095_avl_lmt_con_drp_month_max,0,0.0,1110
6m_used_lmt_first_der_small_0_count,0,0.0,1111
percent_true_followup_code_yjt_called_phone_social_relations_friend_60d,0,0.0,1112
d90_avl_lmt_con_drp_month_max,0,0.0,1113
d60_d180_suc_ord_cnt_rat,0,0.0,1114
d7_d360_apl_ord_cnt_rat_all,0,0.0,1115
d7_apl_ord_prc_amt_per_stg_avg_all,0,0.0,1116
stg_pln_cnt_ovd_pls_rep_12m_rto_his,0,0.0,1117
m1_manual_tim_6_12_rep_apl_cnt_rat,0,0.0,1118
his_360_day_csh_apl_ord_cnt_bjq_12m,0,0.0,1119
m1_pmt_not_eng_equal_1_stg_pln_amt_sum,0,0.0,1120
d360_lend_light_to_repay_heavy_inner7d_order_amt_sum,0,0.0,1121
ord_apl_cnt_360_day_13_18_bjq_12m,0,0.0,1122
ddf_bjq_12m_rep_dte_neg_5_crt_dt_max_prc_amt,0,0.0,1123
d365_avl_lmt_eql_0_month_cnt,0,0.0,1124
ord_apl_suc_6_cnt_his,0,0.0,1125
stg_pln_sum_prc_amt_24m_36m_diff_rto_light,0,0.0,1126
cnt_ord_cnt_fal_30d,0,0.0,1127
stg_pln_max_prc_amt_6m_light,0,0.0,1128
recent_6m_repay_progress_rise_month_rto,0,0.0,1129
ddf_bjq_12m_rep_dte_neg_7_crt_dt_ord_cnt,0,0.0,1130
m3_pmt_not_eng_equal_2_stg_pln_cnt_rat,0,0.0,1131
ddf_1m_rep_dte_neg_3_crt_dt_sum_prc_amt,0,0.0,1132
his_light_shouxin_heavy_fail_trade_same_month_count,0,0.0,1133
ddf_1m_rep_dte_neg_3_crt_dt_max_prc_amt,0,0.0,1134
m6_pmt_not_eng_mor_3_stg_pln_amt_sum,0,0.0,1135
rsk_lmt_rate_ch_1m_grt_0p95_rate_1m,0,0.0,1136
rsk_avl_lmt_ch_les_10000_rate_3m,0,0.0,1137
m6_pmt_not_eng_mor_3_stg_pln_cnt,0,0.0,1138
m3_stg_pln_manual_deduct_rep_apl_suc_cnt_max,0,0.0,1139
stg_pln_sum_prc_amt_his_fst_ord_bjq_12m,0,0.0,1140
recent_6m_settle_loan_diff_days_min,0,0.0,1141
stg_pln_sum_prc_amt_due_1m_rto_light,0,0.0,1142
m6_manual_tim_0_5_rep_apl_fal_cnt,0,0.0,1143
stg_pln_max_prc_amt_ovd_1d_3d,0,0.0,1144
m1_part_suc_rep_apl_cnt_rat,0,0.0,1145
loan_unique_fund_cnt_6m,0,0.0,1146
stg_pln_min_prc_amt_24m_light,0,0.0,1147
m1_stg_pln_manual_deduct_rep_apl_fal_cnt_avg,0,0.0,1148
m3_stg_pln_ovd_1d_3d_manual_deduct_rep_apl_suc_cnt,0,0.0,1149
light_d720_sum_fail_prc_amt_divide_heavy_d720_sum_ontim_repay_amt,0,0.0,1150
stg_pln_avg_prc_amt_his_light,0,0.0,1151
bsy_typ_suc_cnt_360_day_bjq_12m,0,0.0,1152
stg_pln_sum_prc_amt_adv_6m_rto_light,0,0.0,1153
d180_faqi_trade_amt_larger_than_due_repay_amt_by_mon_count_sum,0,0.0,1154
m6_stg_pln_d0_pmt_not_eng_cnt_max,0,0.0,1155
stg_pln_min_prc_amt_adv_d0_rep_bjq_12m,0,0.0,1156
d180_aplord_stg_grt_fst_month_cnt,0,0.0,1157
ord_apl_suc_sum_prc_amt_720_day_00_03,0,0.0,1158
m6_stg_pln_adv_rep_apl_fal_cnt_rat,0,0.0,1159
stg_pln_sum_rep_prc_3m_his_ovd_0d_pls_3d_mrn_pk_rto_v2,0,0.0,1160
rsi_af_3m_inter_1m,0,0.0,1161
payment_not_balancenotenough_cnt_dis_3m,0,0.0,1162
stg_pln_sum_rep_prc_his_ovd_3d_pls_7d_zd,0,0.0,1163
ord_apl_min_prc_amt_360_day_bjq_12m,0,0.0,1164
ord_apl_cnt_30_day_13_18,0,0.0,1165
6thord_con_adv_repay_max,0,0.0,1166
percent_true_followup_code_other_30d,0,0.0,1167
ddf_mdl_max_con_dau_dt_7d,0,0.0,1168
rsk_lmt_rate_ch_1m_grt_0p95_rate_bjq_12m,0,0.0,1169
credit_pass_unique_scene_cnt_12m,0,0.0,1170
stg_pln_sum_rep_prc_his_ovd_0d_pls_3d_mrn_pk_rto,0,0.0,1171
d360_bsy_typ_api_suc_ord_cnt_all,0,0.0,1172
max_ddf_rep_tim_dte_ovd_pls_fst_ord_bjq_12m,0,0.0,1173
percent_true_followup_code_wfjt_called_phone_social_relations_friend_90d,0,0.0,1174
stg_pln_fst_cnt_ovd_pls,0,0.0,1175
rsk_lmt_rate_ch_1m_grt_0p8_rate_1m,0,0.0,1176
stg_pln_sum_rep_prc_12m_his_ovd_7d_pls_14d_zd_rto_v2,0,0.0,1177
credit_fund_level2_avg_ir_cnt_24m,0,0.0,1178
ddf_3m_rep_dte_0_crt_dt_max_prc_amt,0,0.0,1179
d720_advrepay_suc_trade_in_same_month_count_sum,0,0.0,1180
d730_avl_lmt_eql_0_month_cnt,0,0.0,1181
f56__percent_true_call_mode_is_manual_called_phone_social_relations_is_self_is_can_contact_person_is_yes_90d,0,0.0,1182
m3_stg_pln_normal_batch_rep_apl_fal_cnt_equal_1_cnt_rat,0,0.0,1183
stg_pln_cnt_adv_rct_24m,0,0.0,1184
bf_3m_inter_1m_sum_down,0,0.0,1185
stg_pln_sum_rep_prc_12m_his_d0_afn_pk,0,0.0,1186
f56__percent_true_call_mode_is_manual_called_phone_social_relations_is_self_is_can_contact_person_is_no_30d,0,0.0,1187
m6_stg_pln_ovd_1d_3d_manual_rep_apl_suc_cnt_rat,0,0.0,1188
ai_wcnhk_cnt_7d,0,0.0,1189
stg_pln_sum_rep_prc_12m_his_ovd_3d_pls_7d_zd_rto_v2,0,0.0,1190
loan_fund_level1_ratio_36m,0,0.0,1191
his_30_day_prc_amt_3_000_flg_apl_ord_cnt,0,0.0,1192
stg_pln_max_prc_amt_adv_rct_12m,0,0.0,1193
max_con_not_ovd_tqhk_rep_tim_cnt_12m,0,0.0,1194
m1_pmt_not_eng_mor_3_stg_pln_amt_rat,0,0.0,1195
stg_pln_cnt_on_1m_rto_his_light,0,0.0,1196
d90_lend_heavy_to_repay_light_inner7d_order_amt_sum,0,0.0,1197
ord_apl_suc_sum_prc_amt_360_day_19_23_bjq_12m,0,0.0,1198
ord_apl_suc_sum_prc_amt_720_day_04_06,0,0.0,1199
m6_pmt_not_eng_equal_3_stg_pln_d0_cnt,0,0.0,1200
cnt_event_type_credit_event_result_1_all,0,0.0,1201
m3_stg_pln_manual_rep_apl_fal_cnt_avg,0,0.0,1202
m6_pmt_not_eng_equal_3_stg_pln_d0_amt_sum_rat,0,0.0,1203
loan_reject_cnt_36m,0,0.0,1204
m3_rep_apl_suc_amt_rat_mor_1_cnt,0,0.0,1205
m6_pmt_not_eng_cnt_pday_max,0,0.0,1206
m1_add_bathch_rep_apl_suc_amt_avg,0,0.0,1207
percent_true_followup_code_jjhk_180d,0,0.0,1208
m1_pmt_not_eng_equal_2_stg_pln_d0_amt_sum,0,0.0,1209
stg_pln_cnt_adv_2m_bjq_12m,0,0.0,1210
heavy_his_max_fail_prc_amt_divide_light_his_max_ovd_repay_amt,0,0.0,1211
ddf_rep_dte_0_crt_dt_max_prc_amt,0,0.0,1212
d90_aplord_fal_month_cnt,0,0.0,1213
stg_pln_min_prc_amt_bjq_12m_his_bjq_12m,0,0.0,1214
m1_stg_pln_d0_pmt_not_eng_cnt_avg,0,0.0,1215
credit_min_limit_cnt_12m,0,0.0,1216
d720_ovdrepay_amt_sum_divide_advrepay_amt_sum,0,0.0,1217
m3_pmt_not_eng_cnt_pday_equal_1_day_cnt,0,0.0,1218
percent_true_call_mode_is_manual_called_phone_social_relations_is_self_15d,0,0.0,1219
max_ddf_rep_tim_dte_adv_bjq_12m,0,0.0,1220
loan_fund_level2_principal_avg_36m,0,0.0,1221
stg_pln_cnt_ovd_3d_pls_rep_3m_rto,0,0.0,1222
d90_schedule_pay_penalty_sum,0,0.0,1223
stg_pln_sum_rep_prc_3m_his_ovd_3d_pls_7d_zd_rto_v2,0,0.0,1224
max_ddf_rep_dte_ord_crt_tim_neg_7,0,0.0,1225
recent_36m_overdue_3d_month_rto,0,0.0,1226
m6_stg_pln_rep_apl_cnt_ovd_1d_3d_min,0,0.0,1227
loan_fund_level1_min_ir_all,0,0.0,1228
min_ddf_rep_tim_dte_ovd_pls_rep_6m,0,0.0,1229
light_d720_sum_fail_prc_amt_divide_heavy_d720_sum_fail_prc_amt,0,0.0,1230
stg_pln_min_prc_amt_ovd_pls_rep_bjq_12m,0,0.0,1231
light_d360_sum_faqi_count_divide_heavy_d360_sum_faqi_count,0,0.0,1232
recent_36m_settle_loan_diff_days_min,0,0.0,1233
18m_repay_ftr_amt_second_der_mean_rto,0,0.0,1234
light_d90_max_ontim_repay_amt_divide_heavy_d90_max_ontim_repay_amt,0,0.0,1235
6m_repay_amt_second_der_small_0_count,0,0.0,1236
bf_9m_inter_1m_count_down,0,0.0,1237
stg_pln_pay_off_cnt_7d,0,0.0,1238
m6_stg_pln_d0_rep_apl_cnt_equal_2_cnt,0,0.0,1239
m1_add_bathch_rep_apl_suc_cnt_rat,0,0.0,1240
m6_stg_pln_rep_apl_fal_cnt_mor_3_rep_apl_amt_sum,0,0.0,1241
percent_true_followup_code_yjt_7d,0,0.0,1242
percent_true_call_mode_is_manual_called_phone_social_relations_is_family_7d,0,0.0,1243
m3_stg_pln_rep_apl_cnt_ovd_1d_3d_avg,0,0.0,1244
light_d360_max_faqi_prc_amt_divide_heavy_d360_max_ontim_repay_amt,0,0.0,1245
d720_ovd_1d3d_repay_amt_sum_divide_adv_3dminus_repay_amt_sum,0,0.0,1246
m3_lbs_collect_distance_sum,0,0.0,1247
stg_pln_sum_rep_prc_1m_his_d0_mrn_zd_rto_v2,0,0.0,1248
m6_stg_pln_manual_rep_apl_fal_cnt_sum,0,0.0,1249
light_d720_max_ontim_repay_amt_divide_heavy_d720_max_ontim_repay_amt,0,0.0,1250
d360_repaid_gurantee_fee_stddev,0,0.0,1251
cnt_stg_ever_avg_overdue_days_30d_90d,0,0.0,1252
light_d720_sum_faqi_prc_amt_divide_heavy_d720_sum_faqi_prc_amt,0,0.0,1253
m1_manual_rep_apl_suc_stg_pln_cnt_min,0,0.0,1254
ai_ptp_cnt_21d,0,0.0,1255
d730_aplord_stg_grt_fst_month_rto,0,0.0,1256
m3_pmt_not_eng_cnt_pday_min,0,0.0,1257
rsk_lmt_rate_ch_1m_grt_0p2_rate_bjq_12m,0,0.0,1258
credit_fund_other_ratio_24m,0,0.0,1259
d90_apl_ord_ddf_mdl_ord_crt_dte_max,0,0.0,1260
his_lend_light_to_repay_heavy_inner7d_order_stg_sum,0,0.0,1261
d1095_aplord_stg_grt_fst_month_cnt,0,0.0,1262
m6_stg_pln_ovd_1d_3d_manual_rep_apl_fal_cnt_rat,0,0.0,1263
his_bt_apl_ord_cnt_csh_rto,0,0.0,1264
stg_pln_cnt_adv_fst_ord_bjq_12m,0,0.0,1265
m1_pmt_not_eng_equal_2_stg_pln_amt_rat,0,0.0,1266
m1_pmt_not_eng_mor_3_stg_pln_amt_sum,0,0.0,1267
m6_pmt_not_eng_mor_3_stg_pln_d0_amt_sum_rat,0,0.0,1268
ord_apl_suc_cnt_90_day_07_12,0,0.0,1269
m1_manual_mrn_rep_apl_suc_cnt,0,0.0,1270
his_360_day_prc_amt_3_000_flg_suc_ord_cnt_bjq_12m,0,0.0,1271
m3_stg_pln_rep_apl_fal_cnt_mor_2_cnt_rat,0,0.0,1272
d15_apl_ord_prc_amt_max,0,0.0,1273
recent_24m_credit_fundcls_other_month_cnt,0,0.0,1274
m3_stg_pln_manual_deduct_rep_apl_cnt_equal_1_cnt_rat,0,0.0,1275
m3_pmt_not_eng_stg_pln_d0_cnt,0,0.0,1276
avg_ddf_rep_dte_ord_crt_tim_3_bjq_12m,0,0.0,1277
stg_pln_sum_rep_prc_6m_his_d0_mrn_pk,0,0.0,1278
d3_south_lbs_collect_uniq_cnt,0,0.0,1279
d90_max_adv_repay_amt_divide_d90_max_faqi_prc_amt,0,0.0,1280
f56__percent_true_call_mode_is_manual_called_phone_social_relations_is_self_is_can_contact_person_is_yes_15d,0,0.0,1281
d360_successamt_thismon_sum_larger_than_rsk_adt_lmt_cash_count_sum,0,0.0,1282
d720_max_ovd_repay_amt_divide_d720_max_fail_prc_amt,0,0.0,1283
d180_avl_lmt_eql_0_month_cnt,0,0.0,1284
stg_pln_fst_sum_prc_amt_ovd_pls_rep_bjq_12m,0,0.0,1285
m1_manual_tim_0_5_rep_apl_suc_cnt,0,0.0,1286
ai_answer_cnt_60d,0,0.0,1287
m1_manual_tim_19_24_rep_apl_suc_cnt,0,0.0,1288
d15_apl_ord_stg_num_avg_all,0,0.0,1289
stg_pln_cnt_12m_due_light,0,0.0,1290
his_360_day_bt_suc_ord_cnt_bjq_12m,0,0.0,1291
f54__percent_true_call_mode_is_ai_called_phone_social_relations_is_self_7d,0,0.0,1292
min_avl_lmt_lft_rep_prc_2m_cash_36m,0,0.0,1293
m3_stg_pln_manual_rep_apl_cnt_min,0,0.0,1294
min_avl_lmt_lft_rep_prc_all_cash_36m,0,0.0,1295
max_ddf_rep_dte_ord_crt_tim_1_bjq_12m,0,0.0,1296
stg_pln_cnt_his_adv_light,0,0.0,1297
stg_pln_cnt_12m_24m_diff_rto_light,0,0.0,1298
loan_fund_level2_min_terms_24m,0,0.0,1299
stg_pln_sum_prc_amt_ovd_3d_pls_rep_bjq_12m,0,0.0,1300
stg_pln_max_rep_prc_24m_due_light,0,0.0,1301
stg_pln_pay_off_min_prc_amt_6m,0,0.0,1302
stg_pln_sum_rep_prc_12m_his_ovd_0d_pls_3d_mrn_pk_v2,0,0.0,1303
m3_add_bathch_rep_apl_suc_amt_sum,0,0.0,1304
m6_pmt_not_eng_cnt_pday_min,0,0.0,1305
credit_fund_level1_reject_cnt_6m,0,0.0,1306
